month,channel,is_complete_month,cost,leads,first_order_orders,first_order_users_proxy,first_order_revenue,first_order_formal_revenue,first_order_net_revenue,first_order_refund_revenue,repeat_leads,repeat_leads_90d,cac,cac_rate,first_order_conversion_rate,channel_roi,repeat_lead_rate,repeat_lead_rate_90d
2025-07,-,False,0.00000000,20,1,1,0.08000000,0.01000000,0.01000000,0.00000000,14,13,0.00000000,0.00000000,0.05000000,,0.70000000,0.65000000
2025-07,01瑜伽招募达人合集-DSP-短视频,False,0.00000000,3,1,1,1880.00000000,1880.00000000,1880.00000000,0.00000000,0,0,0.00000000,0.00000000,0.33333333,,0.00000000,0.00000000
2025-07,360,False,123410.28000000,1677,26,26,49060.02000000,49059.00000000,49059.00000000,0.00000000,28,4,4746.54923077,2.51554822,0.01550388,0.39753593,0.01669648,0.00238521
2025-07,CX老师-SY-其他异业,False,24705.34000000,210,29,29,52396.00000000,52238.00000000,52238.00000000,0.00000000,1,0,851.90827586,0.47293809,0.13809524,2.12083703,0.00476190,0.00000000
2025-07,Facebook,False,145217.54000000,528,20,20,37600.00000000,37600.00000000,37600.00000000,0.00000000,0,0,7260.87700000,3.86216862,0.03787879,0.25892189,0.00000000,0.00000000
2025-07,GDT,False,4848751.47000000,27386,1661,1661,3185362.41000000,3147361.00000000,3112135.41000000,35225.59000000,1675,28,2919.17608067,1.55801430,0.06065143,0.65694487,0.06116264,0.00102242
2025-07,GG-厦门艺游,False,0.00000000,1,0,0,0.00000000,0.00000000,0.00000000,0.00000000,0,0,,,0.00000000,,0.00000000,0.00000000
2025-07,LZF老师-SY-其他异业,False,2700.53000000,26,2,2,4260.00000000,4260.00000000,4260.00000000,0.00000000,1,1,1350.26500000,0.63392723,0.07692308,1.57746813,0.03846154,0.03846154
2025-07,NG快鸟-XCX-垂直应用,False,8035.57000000,862,2,2,4360.00000000,4360.00000000,4360.00000000,0.00000000,155,5,4017.78500000,1.84302064,0.00232019,0.54258752,0.17981439,0.00580046
2025-07,OP-新锐,False,0.00000000,4,0,0,0.00000000,0.00000000,0.00000000,0.00000000,0,0,,,0.00000000,,0.00000000,0.00000000
2025-07,PQ-P-垂直应用,False,950617.41000000,57236,431,431,806682.85000000,817858.00000000,806682.85000000,11175.15000000,2766,101,2205.60883991,1.17842769,0.00753023,0.84858834,0.04832623,0.00176462
2025-07,PQ卡锐-P-垂直应用,False,62192.85000000,3248,31,31,54993.85000000,57580.00000000,54993.85000000,2586.15000000,6,1,2006.22096774,1.13090555,0.00954433,0.88424714,0.00184729,0.00030788
2025-07,PQ快鸟-P-垂直应用,False,18932.49000000,1259,5,5,7838.00000000,7838.00000000,7838.00000000,0.00000000,372,25,3786.49800000,2.41547461,0.00397141,0.41399731,0.29547260,0.01985703
2025-07,PQ龙特星-P-垂直应用,False,114309.90000000,5185,51,51,94568.00000000,96450.00000000,94568.00000000,1882.00000000,33,1,2241.37058824,1.20875878,0.00983607,0.82729492,0.00636451,0.00019286
2025-07,R得-T-短信TMK,False,0.00000000,2,0,0,0.00000000,0.00000000,0.00000000,0.00000000,0,0,,,0.00000000,,0.00000000,0.00000000
2025-07,UC,False,461.47000000,4,0,0,4.00000000,0.00000000,0.00000000,0.00000000,0,0,,,0.00000000,0.00866795,0.00000000,0.00000000
2025-07,WB-武汉优嘉,False,5556.76000000,18,2,2,5378.00000000,5360.00000000,5360.00000000,0.00000000,0,0,2778.38000000,1.03670896,0.11111111,0.96783017,0.00000000,0.00000000
2025-07,XM-亚德,False,30648.85000000,324,10,10,16400.00000000,16400.00000000,16400.00000000,0.00000000,5,1,3064.88500000,1.86883232,0.03086420,0.53509349,0.01543210,0.00308642
2025-07,ZH-武汉飓风,False,0.00000000,80,0,0,0.00000000,0.00000000,0.00000000,0.00000000,0,0,,,0.00000000,,0.00000000,0.00000000
2025-07,ip视频号,False,0.00000000,133,0,0,0.00000000,0.00000000,0.00000000,0.00000000,8,7,,,0.00000000,,0.06015038,0.05263158
2025-07,oppo,False,134833.28000000,1041,43,43,79219.00000000,78178.00000000,78178.00000000,0.00000000,37,1,3135.65767442,1.72469595,0.04130644,0.58753299,0.03554275,0.00096061
2025-07,vivo,False,266990.88000000,2236,61,61,120015.68000000,118526.00000000,117792.67000000,733.33000000,56,13,4376.89967213,2.26661710,0.02728086,0.44951228,0.02504472,0.00581395
2025-07,一杯星光-dy-短直视频,False,0.00000000,48,0,0,0.00000000,0.00000000,0.00000000,0.00000000,2,0,,,0.00000000,,0.04166667,0.00000000
2025-07,一路向前-G-公众号,False,2349.91000000,23,0,0,25.30000000,0.00000000,0.00000000,0.00000000,0,0,,,0.00000000,0.01076637,0.00000000,0.00000000
2025-07,三金手机摄影教学-sp-短直视频,False,7081.02000000,107,2,2,4560.00000000,4760.00000000,4560.00000000,200.00000000,43,3,3540.51000000,1.55285526,0.01869159,0.64397502,0.40186916,0.02803738
2025-07,上海势居-DX-短信TMK,False,0.00000000,5,0,0,0.00000000,0.00000000,0.00000000,0.00000000,0,0,,,0.00000000,,0.00000000,0.00000000
2025-07,上海成效-ZF-垂直应用,False,0.00000000,1,0,0,0.00000000,0.00000000,0.00000000,0.00000000,0,0,,,0.00000000,,0.00000000,0.00000000
2025-07,上海贤胜-SY-私域社群,False,0.00000000,53,0,0,0.00000000,0.00000000,0.00000000,0.00000000,0,0,,,0.00000000,,0.00000000,0.00000000
2025-07,东莞聚力-APP-垂直应用,False,45516.14000000,404,20,20,42518.00000000,40400.00000000,40100.00000000,300.00000000,3,0,2275.80700000,1.13506584,0.04950495,0.93413018,0.00742574,0.00000000
2025-07,中视文化-DY-短直视频,False,2770.32000000,102,0,0,0.00000000,0.00000000,0.00000000,0.00000000,0,0,,,0.00000000,0.00000000,0.00000000,0.00000000
2025-07,乐推YK-APP-垂直应用,False,4322.14000000,101,3,3,7140.00000000,6540.00000000,6540.00000000,0.00000000,1,0,1440.71333333,0.66087768,0.02970297,1.65195945,0.00990099,0.00000000
2025-07,互动吧-G-公众号,False,2310.65000000,107,8,8,15973.30000000,15864.00000000,15864.00000000,0.00000000,0,0,288.83125000,0.14565368,0.07476636,6.91290330,0.00000000,0.00000000
2025-07,互选平台-G-公众号,False,0.00000000,14,1,1,1380.00000000,1380.00000000,1380.00000000,0.00000000,1,1,0.00000000,0.00000000,0.07142857,,0.07142857,0.07142857
2025-07,今日头条,False,4989388.71000000,36319,1788,1788,3387324.47000000,3260297.20000000,3230574.47000000,29722.73000000,7374,384,2790.48585570,1.54442770,0.04923043,0.67890571,0.20303422,0.01057298
2025-07,优酷,False,14075.77000000,13,0,0,0.00000000,0.00000000,0.00000000,0.00000000,4,4,,,0.00000000,0.00000000,0.30769231,0.30769231
2025-07,优量汇,False,5217553.51000000,27669,1661,1661,3824469.48000000,3586536.00000000,3571354.38000000,15181.62000000,770,28,3141.21222757,1.46094533,0.06003108,0.73300053,0.02782898,0.00101196
2025-07,保定恩木-SP-短直视频,False,0.00000000,7,0,0,0.00000000,0.00000000,0.00000000,0.00000000,0,0,,,0.00000000,,0.00000000,0.00000000
2025-07,健身气功-短视频-自投,False,377.31000000,8,0,0,0.00000000,0.00000000,0.00000000,0.00000000,0,0,,,0.00000000,0.00000000,0.00000000,0.00000000
2025-07,元一-SP-短直视频,False,0.00000000,405,1,1,2180.00000000,3680.00000000,2180.00000000,1500.00000000,3,0,0.00000000,0.00000000,0.00246914,,0.00740741,0.00000000
2025-07,公众号,False,1243669.04000000,7841,435,435,856516.15000000,854965.00000000,846466.30000000,8498.70000000,1006,11,2859.00928736,1.46924814,0.05547762,0.68870103,0.12829996,0.00140288
2025-07,凌凌3-H-小红书,False,0.00000000,1,0,0,0.00000000,0.00000000,0.00000000,0.00000000,0,0,,,0.00000000,,0.00000000,0.00000000
2025-07,剧Y-G-公众号,False,2934.49000000,53,2,2,5417.90000000,5360.00000000,5360.00000000,0.00000000,0,0,1467.24500000,0.54747948,0.03773585,1.84628334,0.00000000,0.00000000
2025-07,北海-摄影粉-DY-直播,False,70088.86000000,2209,33,33,67962.70000000,67951.00000000,67951.00000000,0.00000000,3,0,2123.90484848,1.03146179,0.01493889,0.96966479,0.00135808,0.00000000
2025-07,北海分部-dy-短直视频,False,1233.82000000,16,0,0,0.00000000,0.00000000,0.00000000,0.00000000,5,0,,,0.00000000,0.00000000,0.31250000,0.00000000
2025-07,千川直播,False,943292.32000000,6438,111,111,181677.80000000,183435.00000000,181677.80000000,1757.20000000,892,66,8498.12900901,5.19211659,0.01724138,0.19259968,0.13855235,0.01025163
2025-07,千川直播-获客,False,0.00000000,34,3,3,5640.00000000,5640.00000000,5640.00000000,0.00000000,1,0,0.00000000,0.00000000,0.08823529,,0.02941176,0.00000000
2025-07,华一堂-SP-短直视频,False,50.00000000,3,1,1,1880.00000000,1880.00000000,1880.00000000,0.00000000,0,0,50.00000000,0.02659574,0.33333333,37.60000000,0.00000000,0.00000000
2025-07,华为-东莞聚力,False,0.00000000,2,0,0,0.00000000,0.00000000,0.00000000,0.00000000,0,0,,,0.00000000,,0.00000000,0.00000000
2025-07,华为亚德,False,56723.73000000,428,28,28,56258.10000000,55832.00000000,55832.00000000,0.00000000,20,5,2025.84750000,1.01597166,0.06542056,0.99179127,0.04672897,0.01168224
2025-07,南昌先行-G-公众号,False,0.00000000,1,0,0,0.00000000,0.00000000,0.00000000,0.00000000,0,0,,,0.00000000,,0.00000000,0.00000000
2025-07,南昌微动-G-公众号,False,163611.73000000,1132,45,45,88855.60000000,90600.00000000,88279.20000000,2320.80000000,1,0,3635.81622222,1.85334405,0.03975265,0.54308820,0.00088339,0.00000000
2025-07,南昌高森-G-公众号,False,26059.82000000,191,8,8,14108.50000000,14059.00000000,14059.00000000,0.00000000,0,0,3257.47750000,1.85360410,0.04188482,0.54138900,0.00000000,0.00000000
2025-07,南昌高森-G-视频号,False,2286.36000000,73,3,3,5240.00000000,5240.00000000,5240.00000000,0.00000000,0,0,762.12000000,0.43632824,0.04109589,2.29185255,0.00000000,0.00000000
2025-07,合肥哲礼-G-公众号,False,24000.19000000,219,8,8,14305.20000000,14259.00000000,14259.00000000,0.00000000,25,1,3000.02375000,1.68316081,0.03652968,0.59604528,0.11415525,0.00456621
2025-07,周名-SP-短直视频,False,0.00000000,1,0,0,0.00000000,0.00000000,0.00000000,0.00000000,0,0,,,0.00000000,,0.00000000,0.00000000
2025-07,喜马拉雅,False,90185.00000000,1036,41,41,71984.00000000,73804.00000000,71984.00000000,1820.00000000,32,7,2199.63414634,1.25284786,0.03957529,0.79818152,0.03088803,0.00675676
2025-07,喜鹊-XCX-垂直应用,False,52232.55000000,3838,26,26,47463.00000000,47463.00000000,47463.00000000,0.00000000,64,4,2008.94423077,1.10048986,0.00677436,0.90868625,0.01667535,0.00104221
2025-07,增量组,False,0.00000000,3,0,0,0.00000000,0.00000000,0.00000000,0.00000000,0,0,,,0.00000000,,0.00000000,0.00000000
2025-07,夏夏子的养生日常-DSP-短视频,False,0.00000000,1,0,0,0.00000000,0.00000000,0.00000000,0.00000000,0,0,,,0.00000000,,0.00000000,0.00000000
2025-07,天津云海-SP-短直视频,False,0.00000000,15,0,0,0.00000000,0.00000000,0.00000000,0.00000000,0,0,,,0.00000000,,0.00000000,0.00000000
2025-07,央广-APP-垂直应用,False,0.00000000,1,0,0,1.00000000,0.00000000,0.00000000,0.00000000,0,0,,,0.00000000,,0.00000000,0.00000000
2025-07,存量MVP,False,19824.94000000,408,10,10,16553.00000000,16553.00000000,16553.00000000,0.00000000,50,45,1982.49400000,1.19766447,0.02450980,0.83495839,0.12254902,0.11029412
2025-07,安徽展望-G-公众号,False,0.00000000,1,0,0,0.00000000,0.00000000,0.00000000,0.00000000,0,0,,,0.00000000,,0.00000000,0.00000000
2025-07,安徽汇昌-G-公众号,False,0.00000000,1,0,0,0.00000000,0.00000000,0.00000000,0.00000000,0,0,,,0.00000000,,0.00000000,0.00000000
2025-07,安徽煜旻-G-公众号,False,138231.26000000,936,41,41,85394.40000000,85137.00000000,85137.00000000,0.00000000,11,0,3371.49414634,1.62363320,0.04380342,0.61776475,0.01175214,0.00000000
2025-07,安徽煜旻-G-视频号,False,5200.00000000,21,0,0,0.00000000,0.00000000,0.00000000,0.00000000,0,0,,,0.00000000,0.00000000,0.00000000,0.00000000
2025-07,安阳顺弘-G-公众号,False,4457.98000000,10,1,1,599.00000000,599.00000000,599.00000000,0.00000000,0,0,4457.98000000,7.44237062,0.10000000,0.13436579,0.00000000,0.00000000
2025-07,寒冰-sp-短直视频,False,0.00000000,12,0,0,0.00000000,0.00000000,0.00000000,0.00000000,1,1,,,0.00000000,,0.08333333,0.08333333
2025-07,小徐老师手机摄影-SP-短直视频,False,0.00000000,1,0,0,0.00000000,0.00000000,0.00000000,0.00000000,0,0,,,0.00000000,,0.00000000,0.00000000
2025-07,小徐老师手机摄影-摄影粉-DY-直播,False,10600.12000000,346,5,5,10300.00000000,10500.00000000,10300.00000000,200.00000000,62,11,2120.02400000,1.02913786,0.01445087,0.97168711,0.17919075,0.03179191
2025-07,小文老师教音乐-sp-短直视频,False,0.00000000,130,0,0,0.00000000,0.00000000,0.00000000,0.00000000,1,0,,,0.00000000,,0.00769231,0.00000000
2025-07,小来早晚安-G-公众号,False,1002.56000000,22,1,1,1504.00000000,1504.00000000,1504.00000000,0.00000000,0,0,1002.56000000,0.66659574,0.04545455,1.50015959,0.00000000,0.00000000
2025-07,小程序,False,3069115.68000000,14895,1127,1127,2146083.68000000,2055411.20000000,2028008.18000000,27403.02000000,3849,35,2723.26147294,1.51336455,0.07566297,0.69925148,0.25840886,0.00234978
2025-07,小红书,False,4355067.61000000,23287,1375,1375,2736891.40000000,2741807.00000000,2723961.40000000,17845.60000000,258,24,3167.32189818,1.59879931,0.05904582,0.62843833,0.01107914,0.00103062
2025-07,巨牛传媒-SP-短直视频,False,0.00000000,17,0,0,0.00000000,0.00000000,0.00000000,0.00000000,0,0,,,0.00000000,,0.00000000,0.00000000
2025-07,平台私域穴位书,False,43.77000000,1,0,0,0.00000000,0.00000000,0.00000000,0.00000000,0,0,,,0.00000000,0.00000000,0.00000000,0.00000000
2025-07,弹码,False,0.00000000,11,0,0,0.00000000,0.00000000,0.00000000,0.00000000,8,0,,,0.00000000,,0.72727273,0.00000000
2025-07,当红文化-SP-短直视频,False,141944.48000000,5680,68,68,127313.71000000,130268.00000000,127313.71000000,2954.29000000,32,0,2087.41882353,1.11491905,0.01197183,0.89692611,0.00563380,0.00000000
2025-07,微信,False,5658713.51000000,28242,1674,1674,3363614.65000000,3270700.00000000,3244642.64000000,26057.36000000,3628,76,3380.35454600,1.74401749,0.05927342,0.59441331,0.12846116,0.00269103
2025-07,微博,False,265161.55000000,1561,62,62,118662.00000000,117127.00000000,117127.00000000,0.00000000,40,7,4276.79919355,2.26388066,0.03971813,0.44750832,0.02562460,0.00448430
2025-07,快手,False,438476.13000000,5902,248,248,455691.29000000,435254.00000000,432720.27000000,2533.73000000,471,19,1768.04891129,1.01330157,0.04201965,1.03926134,0.07980346,0.00321925
2025-07,快手私信,False,52718.78000000,333,13,13,23238.70000000,21940.00000000,21940.00000000,0.00000000,0,0,4055.29076923,2.40286144,0.03903904,0.44080497,0.00000000,0.00000000
2025-07,抖音,False,14511375.27000000,106557,4739,4739,9193266.69000000,8819354.41000000,8734877.17000000,84477.24000000,7272,401,3062.11759232,1.66131418,0.04447385,0.63352139,0.06824516,0.00376324
2025-07,抖音-免费,False,1.28000000,26,0,0,0.00000000,0.00000000,0.00000000,0.00000000,4,4,,,0.00000000,0.00000000,0.15384615,0.15384615
2025-07,抖音号,False,0.00000000,1796,0,0,0.00000000,0.00000000,0.00000000,0.00000000,484,51,,,0.00000000,,0.26948775,0.02839644
2025-07,抖音品专,False,0.00000000,52,0,0,5.20000000,0.00000000,0.00000000,0.00000000,8,4,,,0.00000000,,0.15384615,0.07692308
2025-07,抖音品牌,False,30426.08000000,132,6,6,11372.00000000,10580.00000000,10580.00000000,0.00000000,1,0,5071.01333333,2.87581096,0.04545455,0.37375830,0.00757576,0.00000000
2025-07,抖音直播,False,310922.40000000,1605,76,76,151702.00000000,142710.00000000,142150.00000000,560.00000000,436,8,4091.08421053,2.18728386,0.04735202,0.48790952,0.27165109,0.00498442
2025-07,抖音直播-免费,False,104783.58000000,1324,22,22,37103.60000000,38960.00000000,37103.60000000,1856.40000000,12,0,4762.89000000,2.82408122,0.01661631,0.35409746,0.00906344,0.00000000
2025-07,抖音购物车,False,195075.28000000,1311,64,64,132298.00000000,124444.00000000,124444.00000000,0.00000000,17,2,3048.05125000,1.56757481,0.04881770,0.67818947,0.01296720,0.00152555
2025-07,摄影存量,False,1380.00000000,14,1,1,2381.40000000,2380.00000000,2380.00000000,0.00000000,0,0,1380.00000000,0.57983193,0.07142857,1.72565217,0.00000000,0.00000000
2025-07,摄影师路白-DY-短直视频,False,14011.02000000,459,11,11,25100.00000000,24580.00000000,24080.00000000,500.00000000,20,3,1273.72909091,0.58185299,0.02396514,1.79144702,0.04357298,0.00653595
2025-07,摄影读书会-XX-其他异业,False,0.00000000,1,0,0,0.00000000,0.00000000,0.00000000,0.00000000,0,0,,,0.00000000,,0.00000000,0.00000000
2025-07,敬泽摄影师-DY-短直视频,False,9753.93000000,81,4,4,9155.00000000,9520.00000000,9120.00000000,400.00000000,30,1,2438.48250000,1.06950987,0.04938272,0.93859603,0.37037037,0.01234568
2025-07,旺年-SY-其他异业,False,0.00000000,93,0,0,0.00000000,0.00000000,0.00000000,0.00000000,0,0,,,0.00000000,,0.00000000,0.00000000
2025-07,易学-dy-短直视频,False,56664.84000000,528,27,27,60927.00000000,60927.00000000,60927.00000000,0.00000000,9,0,2098.69777778,0.93004481,0.05113636,1.07521701,0.01704545,0.00000000
2025-07,晓峰老师教音乐-sp-短直视频,False,21539.30000000,652,12,12,23660.00000000,23960.00000000,23660.00000000,300.00000000,2,0,1794.94166667,0.91036771,0.01840491,1.09845724,0.00306748,0.00000000
2025-07,晖正浩原-G-公众号,False,37637.37000000,274,12,12,24802.10000000,24779.00000000,24779.00000000,0.00000000,0,0,3136.44750000,1.51892207,0.04379562,0.65897537,0.00000000,0.00000000
2025-07,晟阳达投-sy-异业,False,0.00000000,75,0,0,0.00000000,0.00000000,0.00000000,0.00000000,0,0,,,0.00000000,,0.00000000,0.00000000
2025-07,晴天-SP-短直视频,False,2589.00000000,86,0,0,0.00000000,0.00000000,0.00000000,0.00000000,0,0,,,0.00000000,0.00000000,0.00000000,0.00000000
2025-07,有娃视频号-SP-短直视频,False,0.00000000,1,0,0,0.00000000,0.00000000,0.00000000,0.00000000,0,0,,,0.00000000,,0.00000000,0.00000000
2025-07,未来时代-G-公众号,False,86294.28000000,757,40,40,73847.40000000,73843.00000000,73843.00000000,0.00000000,107,4,2157.35700000,1.16861828,0.05284016,0.85576240,0.14134742,0.00528402
2025-07,本本图书-TS-其他异业,False,0.00000000,16,0,0,0.00000000,0.00000000,0.00000000,0.00000000,0,0,,,0.00000000,,0.00000000,0.00000000
2025-07,杭州乐潼-G-公众号,False,9722.50000000,50,2,2,5415.00000000,5360.00000000,5360.00000000,0.00000000,0,0,4861.25000000,1.81389925,0.04000000,0.55695552,0.00000000,0.00000000
2025-07,杭州垂牛-G-公众号,False,190.65000000,9,1,1,2380.00000000,2380.00000000,2380.00000000,0.00000000,0,0,190.65000000,0.08010504,0.11111111,12.48360871,0.00000000,0.00000000
2025-07,杭州真量-APP-垂直应用,False,56206.99000000,475,16,16,32378.00000000,31408.00000000,29528.00000000,1880.00000000,1,0,3512.93687500,1.90351497,0.03368421,0.57604935,0.00210526,0.00000000
2025-07,欣姐食养记-SY-小绿书,False,0.00000000,322,6,6,11280.00000000,11280.00000000,11280.00000000,0.00000000,0,0,0.00000000,0.00000000,0.01863354,,0.00000000,0.00000000
2025-07,武汉新视点-SP-短直视频,False,0.00000000,1,0,0,0.00000000,0.00000000,0.00000000,0.00000000,0,0,,,0.00000000,,0.00000000,0.00000000
2025-07,江西乐达-G-公众号,False,202860.55000000,1576,62,62,125590.80000000,126098.00000000,125098.00000000,1000.00000000,2,0,3271.94435484,1.62161306,0.03934010,0.61909918,0.00126904,0.00000000
2025-07,河北灵创-G-公众号,False,67507.91000000,636,18,18,38083.10000000,37904.00000000,37904.00000000,0.00000000,0,0,3750.43944444,1.78102337,0.02830189,0.56412797,0.00000000,0.00000000
2025-07,河北灵创-G-视频号,False,11662.53000000,152,6,6,11280.00000000,11280.00000000,11280.00000000,0.00000000,5,0,1943.75500000,1.03391223,0.03947368,0.96720008,0.03289474,0.00000000
2025-07,河北灵创-视频-G-公众号,False,2999.88000000,52,1,1,1880.00000000,1880.00000000,1880.00000000,0.00000000,1,0,2999.88000000,1.59568085,0.01923077,0.62669173,0.01923077,0.00000000
2025-07,测试,False,0.00000000,24,2,2,12999.01000000,12999.01000000,12999.01000000,0.00000000,23,22,0.00000000,0.00000000,0.08333333,,0.95833333,0.91666667
2025-07,海波-H-小红书,False,0.00000000,4,0,0,0.00000000,0.00000000,0.00000000,0.00000000,0,0,,,0.00000000,,0.00000000,0.00000000
2025-07,海波-SP-短直视频,False,70886.70000000,992,34,34,65197.75000000,66820.00000000,65197.75000000,1622.25000000,10,1,2084.90294118,1.08725685,0.03427419,0.91974588,0.01008065,0.00100806
2025-07,深圳巨牛-H-小红书,False,0.00000000,1,0,0,0.00000000,0.00000000,0.00000000,0.00000000,0,0,,,0.00000000,,0.00000000,0.00000000
2025-07,湖南浩娱-DY-短直视频,False,0.00000000,46,0,0,0.00000000,0.00000000,0.00000000,0.00000000,1,1,,,0.00000000,,0.02173913,0.02173913
2025-07,热门好课,False,0.00000000,213,9,9,25944.00000000,25944.00000000,25944.00000000,0.00000000,80,48,0.00000000,0.00000000,0.04225352,,0.37558685,0.22535211
2025-07,爱奇艺,False,92183.24000000,1693,19,19,38809.00000000,38809.00000000,38809.00000000,0.00000000,7,0,4851.74947368,2.37530573,0.01122268,0.42099844,0.00413467,0.00000000
2025-07,王国星-SP-短直视频,False,0.00000000,61,0,0,0.00000000,0.00000000,0.00000000,0.00000000,3,0,,,0.00000000,,0.04918033,0.00000000
2025-07,王溪老师-SY-其他异业,False,0.00000000,34,0,0,0.00000000,0.00000000,0.00000000,0.00000000,0,0,,,0.00000000,,0.00000000,0.00000000
2025-07,琦亿-太极粉-DY-短直视频,False,0.00000000,88,0,0,0.00000000,0.00000000,0.00000000,0.00000000,2,2,,,0.00000000,,0.02272727,0.02272727
2025-07,瑜伽与普拉提-代播,False,246.98000000,2,0,0,0.00000000,0.00000000,0.00000000,0.00000000,0,0,,,0.00000000,0.00000000,0.00000000,0.00000000
2025-07,瑜伽与普拉提-代播2,False,123.49000000,1,0,0,0.00000000,0.00000000,0.00000000,0.00000000,1,0,,,0.00000000,0.00000000,1.00000000,0.00000000
2025-07,瑜伽书,False,576.15000000,6,1,1,1880.00000000,1880.00000000,1880.00000000,0.00000000,0,0,576.15000000,0.30646277,0.16666667,3.26303914,0.00000000,0.00000000
2025-07,电商品2,False,5943.86000000,52,0,0,0.00000000,0.00000000,0.00000000,0.00000000,2,1,,,0.00000000,0.00000000,0.03846154,0.01923077
2025-07,电商品3,False,142.76000000,1,0,0,0.00000000,0.00000000,0.00000000,0.00000000,0,0,,,0.00000000,0.00000000,0.00000000,0.00000000
2025-07,电商品4,False,222.36000000,2,0,0,0.00000000,0.00000000,0.00000000,0.00000000,0,0,,,0.00000000,0.00000000,0.00000000,0.00000000
2025-07,电商瑜伽1,False,655.77000000,5,1,1,880.00000000,880.00000000,880.00000000,0.00000000,3,0,655.77000000,0.74519318,0.20000000,1.34193391,0.60000000,0.00000000
2025-07,电商瑜伽1-包裹卡,False,236276.71000000,2238,55,55,91009.00000000,92651.00000000,91009.00000000,1642.00000000,749,360,4295.94018182,2.59619060,0.02457551,0.38517973,0.33467382,0.16085791
2025-07,电商瑜伽1-直播,False,209649.77000000,1735,45,45,81997.20000000,81997.20000000,81997.20000000,0.00000000,521,78,4658.88377778,2.55679182,0.02593660,0.39111514,0.30028818,0.04495677
2025-07,电商组合1-抖音直播,False,271.67000000,2,0,0,0.00000000,0.00000000,0.00000000,0.00000000,1,0,,,0.00000000,0.00000000,0.50000000,0.00000000
2025-07,百度,False,4983055.20000000,34687,1513,1513,2970450.99000000,2968131.01000000,2922983.54000000,45147.47000000,862,91,3293.49319233,1.70478387,0.04361865,0.59611039,0.02485081,0.00262346
2025-07,百度-免费,False,114.00000000,1,0,0,0.00000000,0.00000000,0.00000000,0.00000000,0,0,,,0.00000000,0.00000000,0.00000000,0.00000000
2025-07,百度直播,False,147478.73000000,1698,17,17,29187.33000000,30824.00000000,29187.33000000,1636.67000000,8,0,8675.21941176,5.05283388,0.01001178,0.19790874,0.00471143,0.00000000
2025-07,真祺-sp-短直视频,False,36227.69000000,241,20,20,40338.00000000,40638.00000000,40338.00000000,300.00000000,22,17,1811.38450000,0.89810328,0.08298755,1.11345769,0.09128631,0.07053942
2025-07,知乎,False,0.00000000,18,1,1,1899.50000000,1880.00000000,1880.00000000,0.00000000,2,0,0.00000000,0.00000000,0.05555556,,0.11111111,0.00000000
2025-07,私域-腾讯加粉,False,0.00000000,43,0,0,0.00000000,0.00000000,0.00000000,0.00000000,1,0,,,0.00000000,,0.02325581,0.00000000
2025-07,穿山甲,False,290971.33000000,2343,106,106,200355.00000000,196315.00000000,194435.00000000,1880.00000000,20,2,2745.01254717,1.49649667,0.04524114,0.68857299,0.00853606,0.00085361
2025-07,网易质云-DX-短信TMK,False,0.00000000,1,0,0,0.00000000,0.00000000,0.00000000,0.00000000,1,0,,,0.00000000,,1.00000000,0.00000000
2025-07,美丽课堂-SP-短直视频,False,0.00000000,1,0,0,0.00000000,0.00000000,0.00000000,0.00000000,0,0,,,0.00000000,,0.00000000,0.00000000
2025-07,耀火网络-DY-短直视频,False,894.24000000,24,1,1,880.00000000,880.00000000,880.00000000,0.00000000,1,0,894.24000000,1.01618182,0.04166667,0.98407586,0.04166667,0.00000000
2025-07,联合公众号,False,266564.34000000,1761,69,69,134460.45000000,133916.00000000,132686.45000000,1229.55000000,52,0,3863.25130435,2.00897936,0.03918228,0.50442025,0.02952868,0.00000000
2025-07,联合微信,False,39741.96000000,210,11,11,21424.00000000,21004.00000000,21004.00000000,0.00000000,9,4,3612.90545455,1.89211388,0.05238095,0.53907759,0.04285714,0.01904762
2025-07,联合视频号,False,1924.83000000,6,0,0,36.00000000,0.00000000,0.00000000,0.00000000,0,0,,,0.00000000,0.01870295,0.00000000,0.00000000
2025-07,腾讯搜索,False,44.35000000,2,0,0,12.00000000,0.00000000,0.00000000,0.00000000,0,0,,,0.00000000,0.27057497,0.00000000,0.00000000
2025-07,萍乡蓝江-G-视频号,False,4216.63000000,12,0,0,0.00000000,0.00000000,0.00000000,0.00000000,0,0,,,0.00000000,0.00000000,0.00000000,0.00000000
2025-07,董文立老师-DY-短直视频,False,21180.88000000,231,10,10,22562.00000000,22562.00000000,22562.00000000,0.00000000,10,0,2118.08800000,0.93878557,0.04329004,1.06520598,0.04329004,0.00000000
2025-07,蒲公英-H-小红书,False,3476.80000000,24,0,0,0.00000000,0.00000000,0.00000000,0.00000000,0,0,,,0.00000000,0.00000000,0.00000000,0.00000000
2025-07,视频号,False,15523796.48000000,85032,4736,4736,9414558.97000000,9132798.45000000,9021363.86000000,111434.59000000,9153,313,3277.82864865,1.72078155,0.05569668,0.60645983,0.10764183,0.00368097
2025-07,视频号-免费,False,0.44000000,1,0,0,0.00000000,0.00000000,0.00000000,0.00000000,0,0,,,0.00000000,0.00000000,0.00000000,0.00000000
2025-07,视频号直播,False,257939.19000000,1447,81,81,175619.71000000,178174.00000000,175619.71000000,2554.29000000,131,28,3184.43444444,1.46873714,0.05597789,0.68085703,0.09053214,0.01935038
2025-07,赵老师太极-SP-短直视频,False,0.00000000,1,0,0,0.00000000,0.00000000,0.00000000,0.00000000,0,0,,,0.00000000,,0.00000000,0.00000000
2025-07,车行易-SY-私域社群,False,0.00000000,1,0,0,0.00000000,0.00000000,0.00000000,0.00000000,0,0,,,0.00000000,,0.00000000,0.00000000
2025-07,达人种草-H-小红书蒲公英,False,10887.18000000,11,0,0,0.00000000,0.00000000,0.00000000,0.00000000,0,0,,,0.00000000,0.00000000,0.00000000,0.00000000
2025-07,遂昌-DY-短直视频,False,0.00000000,112,0,0,0.00000000,0.00000000,0.00000000,0.00000000,0,0,,,0.00000000,,0.00000000,0.00000000
2025-07,重庆唱歌直播机构达人-DY-短直视频,False,38708.33000000,1075,19,19,37620.00000000,37620.00000000,37620.00000000,0.00000000,5,0,2037.28052632,1.02892956,0.01767442,0.97188383,0.00465116,0.00000000
2025-07,钟雷老师音乐课堂-DY-短直视频,False,0.00000000,27,0,0,0.00000000,0.00000000,0.00000000,0.00000000,0,0,,,0.00000000,,0.00000000,0.00000000
2025-07,长沙昕娱-DY-短直视频,False,58307.26000000,2367,14,14,28402.00000000,28402.00000000,28402.00000000,0.00000000,6,0,4164.80428571,2.05292796,0.00591466,0.48710915,0.00253485,0.00000000
2025-07,长沙瑷珲-DY-短直视频,False,0.00000000,1,0,0,0.00000000,0.00000000,0.00000000,0.00000000,0,0,,,0.00000000,,0.00000000,0.00000000
2025-07,长沙瑷珲-SP-短直视频,False,0.00000000,57,0,0,0.00000000,0.00000000,0.00000000,0.00000000,0,0,,,0.00000000,,0.00000000,0.00000000
2025-07,鹿邑-摄影粉-DY-直播,False,181130.36000000,5495,89,89,178838.50000000,178834.20000000,178834.20000000,0.00000000,6,0,2035.17258427,1.01283960,0.01619654,0.98734690,0.00109190,0.00000000
2025-08,-,True,0.00000000,69,3,3,6104.00000000,6540.00000000,6104.00000000,436.00000000,56,56,0.00000000,0.00000000,0.04347826,,0.81159420,0.81159420
2025-08,360,True,265481.80000000,3454,66,66,124553.00000000,124553.00000000,124553.00000000,0.00000000,51,9,4022.45151515,2.13147656,0.01910828,0.46915834,0.01476549,0.00260567
2025-08,CX老师-SY-其他异业,True,0.00000000,15,1,1,2254.50000000,2180.00000000,2180.00000000,0.00000000,0,0,0.00000000,0.00000000,0.06666667,,0.00000000,0.00000000
2025-08,CZ-G-公众号,True,0.00000000,1,0,0,0.00000000,0.00000000,0.00000000,0.00000000,0,0,,,0.00000000,,0.00000000,0.00000000
2025-08,Facebook,True,219833.43000000,1154,32,32,60160.00000000,60160.00000000,60160.00000000,0.00000000,1,1,6869.79468750,3.65414611,0.02772964,0.27366174,0.00086655,0.00086655
2025-08,GDT,True,8804825.91000000,48309,2714,2714,5231574.24000000,5182357.10000000,5128193.44000000,54163.66000000,3631,74,3244.22472734,1.71694497,0.05618001,0.59417123,0.07516198,0.00153181
2025-08,GG-厦门艺游,True,0.00000000,1,0,0,0.00000000,0.00000000,0.00000000,0.00000000,0,0,,,0.00000000,,0.00000000,0.00000000
2025-08,HW-亚德,True,94.59000000,1,0,0,1.00000000,0.00000000,0.00000000,0.00000000,0,0,,,0.00000000,0.01057194,0.00000000,0.00000000
2025-08,HW-聚力,True,835.87000000,6,1,1,886.00000000,880.00000000,880.00000000,0.00000000,0,0,835.87000000,0.94985227,0.16666667,1.05997344,0.00000000,0.00000000
2025-08,LZF老师-SY-其他异业,True,11326.81000000,58,11,11,23399.00000000,23399.00000000,23399.00000000,0.00000000,0,0,1029.71000000,0.48407240,0.18965517,2.06580670,0.00000000,0.00000000
2025-08,NG快鸟-XCX-垂直应用,True,35984.94000000,3107,11,11,23080.00000000,23080.00000000,23080.00000000,0.00000000,241,13,3271.35818182,1.55913951,0.00354039,0.64137942,0.07756678,0.00418410
2025-08,OP-微驰,True,189.18000000,2,0,0,2.00000000,0.00000000,0.00000000,0.00000000,0,0,,,0.00000000,0.01057194,0.00000000,0.00000000
2025-08,OP-新锐,True,0.00000000,3,0,0,0.00000000,0.00000000,0.00000000,0.00000000,0,0,,,0.00000000,,0.00000000,0.00000000
2025-08,PQ-P-垂直应用,True,1788668.12000000,113959,883,883,1620081.31000000,1646924.20000000,1619789.31000000,27134.89000000,4171,244,2025.67171008,1.10425974,0.00774840,0.90574729,0.03660088,0.00214112
2025-08,PQ卡锐-P-垂直应用,True,93055.30000000,4818,37,37,67445.99000000,71146.00000000,67445.99000000,3700.01000000,10,0,2515.00810811,1.37970100,0.00767954,0.72479472,0.00207555,0.00000000
2025-08,PQ快鸟-P-垂直应用,True,30079.25000000,2303,6,6,8999.00000000,8999.00000000,8999.00000000,0.00000000,774,56,5013.20833333,3.34251028,0.00260530,0.29917634,0.33608337,0.02431611
2025-08,PQ龙特星-P-垂直应用,True,296099.70000000,15742,148,148,287332.50000000,291568.00000000,287332.50000000,4235.50000000,47,1,2000.67364865,1.03051239,0.00940160,0.97039105,0.00298564,0.00006352
2025-08,PQ龙特星辰-P-垂直应用,True,6723.50000000,208,1,1,2380.00000000,2380.00000000,2380.00000000,0.00000000,11,1,6723.50000000,2.82500000,0.00480769,0.35398230,0.05288462,0.00480769
2025-08,WB-武汉优嘉,True,27805.31000000,113,4,4,6502.00000000,8920.00000000,6390.00000000,2530.00000000,4,0,6951.32750000,4.35137872,0.03539823,0.23384023,0.03539823,0.00000000
2025-08,XM-亚德,True,54091.06000000,558,13,13,22440.00000000,22440.00000000,22440.00000000,0.00000000,14,1,4160.85076923,2.41047504,0.02329749,0.41485599,0.02508961,0.00179211
2025-08,ip抖音预约,True,0.00000000,1,0,0,0.00000000,0.00000000,0.00000000,0.00000000,0,0,,,0.00000000,,0.00000000,0.00000000
2025-08,ip视频号,True,0.00000000,6,0,0,0.00000000,0.00000000,0.00000000,0.00000000,1,0,,,0.00000000,,0.16666667,0.00000000
2025-08,oppo,True,79416.50000000,656,14,14,23195.00000000,22539.00000000,22539.00000000,0.00000000,24,2,5672.60714286,3.52351480,0.02134146,0.29206777,0.03658537,0.00304878
2025-08,vivo,True,162272.68000000,1481,35,35,58327.25000000,59083.00000000,56862.20000000,2220.80000000,62,21,4636.36228571,2.85378828,0.02363268,0.35943974,0.04186361,0.01417961
2025-08,一杯星光-dy-短直视频,True,0.00000000,39,0,0,0.00000000,0.00000000,0.00000000,0.00000000,2,0,,,0.00000000,,0.05128205,0.00000000
2025-08,七颗星-H-小红书,True,0.00000000,1,0,0,1.00000000,0.00000000,0.00000000,0.00000000,0,0,,,0.00000000,,0.00000000,0.00000000
2025-08,三金手机摄影教学-sp-短直视频,True,62607.55000000,484,39,39,77828.40000000,80058.00000000,77828.40000000,2229.60000000,154,24,1605.32179487,0.80443064,0.08057851,1.24311525,0.31818182,0.04958678
2025-08,上海势居-DX-短信TMK,True,0.00000000,6,0,0,0.00000000,0.00000000,0.00000000,0.00000000,0,0,,,0.00000000,,0.00000000,0.00000000
2025-08,上海成效-ZF-垂直应用,True,0.00000000,2,0,0,0.00000000,0.00000000,0.00000000,0.00000000,0,0,,,0.00000000,,0.00000000,0.00000000
2025-08,上海贤胜-SY-私域社群,True,0.00000000,3,0,0,0.00000000,0.00000000,0.00000000,0.00000000,0,0,,,0.00000000,,0.00000000,0.00000000
2025-08,东升-摄影粉-DY-直播,True,18082.27000000,244,9,9,18084.00000000,18084.00000000,18084.00000000,0.00000000,3,0,2009.14111111,0.99990434,0.03688525,1.00009567,0.01229508,0.00000000
2025-08,东莞聚力-APP-垂直应用,True,70105.88000000,572,23,23,45409.00000000,41977.00000000,41977.00000000,0.00000000,2,0,3048.08173913,1.67010220,0.04020979,0.64772028,0.00349650,0.00000000
2025-08,乐推YK-APP-垂直应用,True,9308.25000000,237,8,8,16262.00000000,14840.00000000,14840.00000000,0.00000000,0,0,1163.53125000,0.62724057,0.03375527,1.74705235,0.00000000,0.00000000
2025-08,互动吧-G-公众号,True,18871.02000000,222,20,20,37888.30000000,37660.00000000,37660.00000000,0.00000000,0,0,943.55100000,0.50108922,0.09009009,2.00775051,0.00000000,0.00000000
2025-08,互选平台-G-公众号,True,0.00000000,5,0,0,0.00000000,0.00000000,0.00000000,0.00000000,0,0,,,0.00000000,,0.00000000,0.00000000
2025-08,今日头条,True,9667888.84000000,70507,3431,3431,6523775.15000000,6261575.10000000,6217943.15000000,43631.95000000,12927,859,2817.80496648,1.55483712,0.04866183,0.67478798,0.18334350,0.01218319
2025-08,今日头条-免费,True,0.00000000,2,0,0,0.00000000,0.00000000,0.00000000,0.00000000,2,2,,,0.00000000,,1.00000000,1.00000000
2025-08,优酷,True,0.00000000,2,0,0,0.01000000,0.00000000,0.00000000,0.00000000,2,2,,,0.00000000,,1.00000000,1.00000000
2025-08,优量汇,True,9867488.38000000,54120,2606,2606,6046669.17000000,5581612.25000000,5533611.57000000,48000.68000000,1127,49,3786.44987721,1.78319137,0.04815225,0.61278706,0.02082409,0.00090540
2025-08,保定恩木-SP-短直视频,True,0.00000000,7,0,0,0.00000000,0.00000000,0.00000000,0.00000000,0,0,,,0.00000000,,0.00000000,0.00000000
2025-08,健身气功-短视频-自投,True,0.00000000,40,0,0,0.00000000,0.00000000,0.00000000,0.00000000,0,0,,,0.00000000,,0.00000000,0.00000000
2025-08,元一-SP-短直视频,True,0.00000000,188,1,1,2180.00000000,2180.00000000,2180.00000000,0.00000000,1,0,0.00000000,0.00000000,0.00531915,,0.00531915,0.00000000
2025-08,公众号,True,1968604.06000000,11865,726,726,1369864.73000000,1370700.00000000,1353498.73000000,17201.27000000,1505,15,2711.57584022,1.45445579,0.06118837,0.69585589,0.12684366,0.00126422
2025-08,凌凌3-H-小红书,True,0.00000000,1,0,0,0.00000000,0.00000000,0.00000000,0.00000000,0,0,,,0.00000000,,0.00000000,0.00000000
2025-08,剧Y-G-公众号,True,1077.90000000,22,0,0,23.30000000,0.00000000,0.00000000,0.00000000,0,0,,,0.00000000,0.02161611,0.00000000,0.00000000
2025-08,北海-摄影粉-DY-直播,True,204062.84000000,5164,90,90,180381.70000000,180979.00000000,180379.00000000,600.00000000,11,0,2267.36488889,1.13130043,0.01742835,0.88395173,0.00213013,0.00000000
2025-08,北海-直播粉-新-DY-短直视频,True,0.00000000,2,0,0,0.00000000,0.00000000,0.00000000,0.00000000,0,0,,,0.00000000,,0.00000000,0.00000000
2025-08,北海分部-dy-短直视频,True,6254.08000000,86,3,3,6540.00000000,6740.00000000,6540.00000000,200.00000000,28,4,2084.69333333,0.95628135,0.03488372,1.04571736,0.32558140,0.04651163
2025-08,千川直播,True,1251328.36000000,9290,156,156,259551.00000000,261618.20000000,259551.00000000,2067.20000000,1222,96,8021.33564103,4.82112710,0.01679225,0.20742038,0.13153929,0.01033369
2025-08,千川直播-获客,True,0.00000000,61,3,3,7640.00000000,7640.00000000,7640.00000000,0.00000000,3,0,0.00000000,0.00000000,0.04918033,,0.04918033,0.00000000
2025-08,华一堂-SP-短直视频,True,0.00000000,7,1,1,1880.00000000,1880.00000000,1880.00000000,0.00000000,0,0,0.00000000,0.00000000,0.14285714,,0.00000000,0.00000000
2025-08,华为-东莞聚力,True,6071.82000000,47,2,2,3081.00000000,3060.00000000,3060.00000000,0.00000000,3,1,3035.91000000,1.98425490,0.04255319,0.50742611,0.06382979,0.02127660
2025-08,华为亚德,True,309587.20000000,2760,157,157,293590.75000000,294823.00000000,291369.75000000,3453.25000000,169,53,1971.89299363,1.06252348,0.05688406,0.94832974,0.06123188,0.01920290
2025-08,南昌微动-G-公众号,True,214775.62000000,1870,80,80,177306.90000000,176032.00000000,176032.00000000,0.00000000,19,1,2684.69525000,1.22009419,0.04278075,0.82554482,0.01016043,0.00053476
2025-08,南昌高森-G-公众号,True,20168.46000000,139,4,4,9252.00000000,9120.00000000,9120.00000000,0.00000000,0,0,5042.11500000,2.21145395,0.02877698,0.45873607,0.00000000,0.00000000
2025-08,南昌高森-G-视频号,True,47547.22000000,1374,14,14,29337.00000000,29320.00000000,29320.00000000,0.00000000,0,0,3396.23000000,1.62166508,0.01018923,0.61700768,0.00000000,0.00000000
2025-08,南木-H-小红书,True,0.00000000,1,0,0,0.00000000,0.00000000,0.00000000,0.00000000,0,0,,,0.00000000,,0.00000000,0.00000000
2025-08,合肥哲礼-G-公众号,True,7000.60000000,92,2,2,4761.10000000,4760.00000000,4760.00000000,0.00000000,1,0,3500.30000000,1.47071429,0.02173913,0.68009885,0.01086957,0.00000000
2025-08,向日葵妈妈-XCX-垂直应用,True,0.00000000,1,0,0,0.00000000,0.00000000,0.00000000,0.00000000,0,0,,,0.00000000,,0.00000000,0.00000000
2025-08,周理健康管理-SY-私域社群,True,0.00000000,4,1,1,880.40000000,880.00000000,880.00000000,0.00000000,0,0,0.00000000,0.00000000,0.25000000,,0.00000000,0.00000000
2025-08,品牌活动,True,0.00000000,11,0,0,0.00000000,0.00000000,0.00000000,0.00000000,0,0,,,0.00000000,,0.00000000,0.00000000
2025-08,喜马拉雅,True,128667.91000000,1470,67,67,128694.00000000,132334.00000000,128694.00000000,3640.00000000,35,11,1920.41656716,0.99979727,0.04557823,1.00020277,0.02380952,0.00748299
2025-08,喜鹊-XCX-垂直应用,True,95296.62000000,6834,44,44,80220.00000000,80220.00000000,80220.00000000,0.00000000,77,2,2165.83227273,1.18794091,0.00643840,0.84179271,0.01126719,0.00029265
2025-08,增量组,True,0.00000000,234,0,0,0.00000000,0.00000000,0.00000000,0.00000000,2,0,,,0.00000000,,0.00854701,0.00000000
2025-08,存量MVP,True,8947.67000000,576,16,16,27079.00000000,27074.00000000,27074.00000000,0.00000000,54,48,559.22937500,0.33048940,0.02777778,3.02637446,0.09375000,0.08333333
2025-08,安徽汇昌-G-公众号,True,0.00000000,1,0,0,1.00000000,0.00000000,0.00000000,0.00000000,0,0,,,0.00000000,,0.00000000,0.00000000
2025-08,安徽煜旻-G-公众号,True,135878.74000000,1125,45,45,89084.80000000,90786.00000000,88908.80000000,1877.20000000,4,0,3019.52755556,1.52829349,0.04000000,0.65561986,0.00355556,0.00000000
2025-08,安徽煜旻-G-视频号,True,29207.44000000,1377,25,25,46238.00000000,46238.00000000,46238.00000000,0.00000000,3,1,1168.29760000,0.63167611,0.01815541,1.58308979,0.00217865,0.00072622
2025-08,安徽煦展-G-公众号,True,0.00000000,5,0,0,5.50000000,0.00000000,0.00000000,0.00000000,0,0,,,0.00000000,,0.00000000,0.00000000
2025-08,安阳顺弘-G-公众号,True,6042.25000000,19,2,2,3263.30000000,3260.00000000,3260.00000000,0.00000000,0,0,3021.12500000,1.85345092,0.10526316,0.54008027,0.00000000,0.00000000
2025-08,寒冰-sp-短直视频,True,0.00000000,5,0,0,0.00000000,0.00000000,0.00000000,0.00000000,0,0,,,0.00000000,,0.00000000,0.00000000
2025-08,小徐老师手机摄影-摄影粉-DY-直播,True,26207.37000000,752,14,14,28820.20000000,28820.00000000,28820.00000000,0.00000000,26,10,1871.95500000,0.90934663,0.01861702,1.09969829,0.03457447,0.01329787
2025-08,小文老师教音乐-sp-短直视频,True,0.00000000,49,0,0,0.00000000,0.00000000,0.00000000,0.00000000,1,0,,,0.00000000,,0.02040816,0.00000000
2025-08,小来早晚安-G-公众号,True,0.00000000,1,0,0,0.00000000,0.00000000,0.00000000,0.00000000,0,0,,,0.00000000,,0.00000000,0.00000000
2025-08,小程序,True,6658977.99000000,30967,2034,2034,3968916.03000000,3767801.00000000,3715163.43000000,52637.57000000,9356,88,3273.83382006,1.79237821,0.06568282,0.59602480,0.30212807,0.00284173
2025-08,小红书,True,7106535.59000000,36609,2222,2222,4478771.98000000,4507905.00000000,4459818.98000000,48086.02000000,481,37,3198.26084158,1.59345830,0.06069546,0.63023282,0.01313885,0.00101068
2025-08,小红书瑜伽,True,0.00000000,6,0,0,0.00000000,0.00000000,0.00000000,0.00000000,2,0,,,0.00000000,,0.33333333,0.00000000
2025-08,小红书直播,True,0.00000000,1,0,0,0.00000000,0.00000000,0.00000000,0.00000000,0,0,,,0.00000000,,0.00000000,0.00000000
2025-08,巨牛传媒-SP-短直视频,True,0.00000000,6,0,0,0.00000000,0.00000000,0.00000000,0.00000000,2,0,,,0.00000000,,0.33333333,0.00000000
2025-08,广州开域-G-视频号,True,37236.56000000,612,11,11,20486.60000000,20480.00000000,20480.00000000,0.00000000,0,0,3385.14181818,1.81819141,0.01797386,0.55017434,0.00000000,0.00000000
2025-08,广州高途-SY-私域/社群,True,0.00000000,3,0,0,0.00000000,0.00000000,0.00000000,0.00000000,0,0,,,0.00000000,,0.00000000,0.00000000
2025-08,弹码,True,0.00000000,4,0,0,0.00000000,0.00000000,0.00000000,0.00000000,2,0,,,0.00000000,,0.50000000,0.00000000
2025-08,当红文化-SP-短直视频,True,560.00000000,65,0,0,0.00000000,0.00000000,0.00000000,0.00000000,1,0,,,0.00000000,0.00000000,0.01538462,0.00000000
2025-08,微信,True,12671639.48000000,61348,3851,3851,7676465.25000000,7462023.90000000,7399138.15000000,62885.75000000,10657,204,3290.48025967,1.71258317,0.06277303,0.60579890,0.17371389,0.00332529
2025-08,微信-免费,True,0.97000000,2,0,0,0.00000000,0.00000000,0.00000000,0.00000000,0,0,,,0.00000000,0.00000000,0.00000000,0.00000000
2025-08,微博,True,294111.00000000,1807,77,77,165974.60000000,165503.00000000,164202.60000000,1300.40000000,40,3,3819.62337662,1.79114703,0.04261206,0.56432639,0.02213614,0.00166021
2025-08,快手,True,1439135.84000000,13085,461,461,845835.60000000,799498.00000000,796316.80000000,3181.20000000,1295,91,3121.76971800,1.80724033,0.03523118,0.58773854,0.09896828,0.00695453
2025-08,快手直播,True,0.00000000,952,0,0,0.00000000,0.00000000,0.00000000,0.00000000,5,0,,,0.00000000,,0.00525210,0.00000000
2025-08,快手私信,True,49378.81000000,287,10,10,18357.30000000,17238.00000000,17238.00000000,0.00000000,0,0,4937.88100000,2.86453243,0.03484321,0.37176473,0.00000000,0.00000000
2025-08,念念老师教唱谱-sp-短直视频,True,0.00000000,8,0,0,0.00000000,0.00000000,0.00000000,0.00000000,0,0,,,0.00000000,,0.00000000,0.00000000
2025-08,抖音,True,26044990.54000000,185775,8279,8279,16054759.62000000,15332877.85000000,15209266.60000000,123611.25000000,13109,1006,3145.91019930,1.71244224,0.04456466,0.61642409,0.07056385,0.00541515
2025-08,抖音-免费,True,0.00000000,84,2,2,3960.00000000,3960.00000000,3960.00000000,0.00000000,25,25,0.00000000,0.00000000,0.02380952,,0.29761905,0.29761905
2025-08,抖音号,True,0.00000000,33,0,0,0.00000000,0.00000000,0.00000000,0.00000000,31,3,,,0.00000000,,0.93939394,0.09090909
2025-08,抖音品专,True,0.00000000,71,0,0,7.10000000,0.00000000,0.00000000,0.00000000,5,2,,,0.00000000,,0.07042254,0.02816901
2025-08,抖音品牌,True,233193.33000000,1665,55,55,107348.00000000,99529.00000000,97448.00000000,2081.00000000,22,8,4239.87872727,2.39300273,0.03303303,0.46033907,0.01321321,0.00480480
2025-08,抖音星图轻运动-DY-短直视频,True,71437.93000000,3530,32,32,68260.00000000,68260.00000000,68260.00000000,0.00000000,449,58,2232.43531250,1.04655626,0.00906516,0.95551481,0.12719547,0.01643059
2025-08,抖音直播,True,737878.07000000,3571,146,146,272596.81000000,256531.00000000,251374.81000000,5156.19000000,518,21,5053.95938356,2.93536998,0.04088491,0.36943341,0.14505741,0.00588071
2025-08,抖音购物车,True,396090.55000000,2876,164,164,308092.00000000,293272.00000000,290872.00000000,2400.00000000,28,4,2415.18628049,1.36173489,0.05702364,0.77783224,0.00973574,0.00139082
2025-08,拉伸-直播,True,192.72000000,2,0,0,0.00000000,0.00000000,0.00000000,0.00000000,0,0,,,0.00000000,0.00000000,0.00000000,0.00000000
2025-08,摄影存量,True,24087.37000000,239,12,12,23004.10000000,24041.00000000,22980.20000000,1060.80000000,1,0,2007.28083333,1.04817930,0.05020921,0.95502747,0.00418410,0.00000000
2025-08,摄影师路白-DY-短直视频,True,26107.17000000,782,19,19,39500.00000000,37420.00000000,37420.00000000,0.00000000,47,8,1374.06157895,0.69767958,0.02429668,1.51299432,0.06010230,0.01023018
2025-08,敬泽摄影师-DY-短直视频,True,1879.90000000,21,1,1,1880.00000000,1880.00000000,1880.00000000,0.00000000,5,1,1879.90000000,0.99994681,0.04761905,1.00005319,0.23809524,0.04761905
2025-08,旺年-SY-其他异业,True,0.00000000,5,0,0,0.00000000,0.00000000,0.00000000,0.00000000,0,0,,,0.00000000,,0.00000000,0.00000000
2025-08,易学-dy-短直视频,True,0.00000000,6,0,0,0.00000000,0.00000000,0.00000000,0.00000000,0,0,,,0.00000000,,0.00000000,0.00000000
2025-08,易尊-平台1,True,0.00000000,55,0,0,0.00000000,0.00000000,0.00000000,0.00000000,2,0,,,0.00000000,,0.03636364,0.00000000
2025-08,晓峰老师教音乐-sp-短直视频,True,21574.91000000,595,5,5,10900.00000000,10900.00000000,10900.00000000,0.00000000,1,0,4314.98200000,1.97934954,0.00840336,0.50521648,0.00168067,0.00000000
2025-08,晖正浩原-G-公众号,True,66701.71000000,824,29,29,55963.40000000,55882.00000000,55882.00000000,0.00000000,47,2,2300.05896552,1.19361709,0.03519417,0.83900997,0.05703883,0.00242718
2025-08,晟阳达投-sy-异业,True,0.00000000,18,0,0,0.00000000,0.00000000,0.00000000,0.00000000,1,0,,,0.00000000,,0.05555556,0.00000000
2025-08,晴天-SP-短直视频,True,0.00000000,27,0,0,0.00000000,0.00000000,0.00000000,0.00000000,0,0,,,0.00000000,,0.00000000,0.00000000
2025-08,未来时代-G-公众号,True,107346.88000000,1127,40,40,79611.00000000,79600.00000000,79600.00000000,0.00000000,44,1,2683.67200000,1.34857889,0.03549246,0.74162379,0.03904170,0.00088731
2025-08,本本图书-TS-其他异业,True,0.00000000,6,0,0,0.00000000,0.00000000,0.00000000,0.00000000,0,0,,,0.00000000,,0.00000000,0.00000000
2025-08,杭州乐潼-G-公众号,True,8877.96000000,140,6,6,13403.40000000,13399.00000000,13399.00000000,0.00000000,23,0,1479.66000000,0.66258377,0.04285714,1.50973872,0.16428571,0.00000000
2025-08,杭州垂牛-G-公众号,True,21301.54000000,256,10,10,19100.00000000,19100.00000000,19100.00000000,0.00000000,0,0,2130.15400000,1.11526387,0.03906250,0.89664879,0.00000000,0.00000000
2025-08,杭州真量-APP-垂直应用,True,44806.95000000,374,14,14,29252.00000000,27020.00000000,27020.00000000,0.00000000,2,0,3200.49642857,1.65828830,0.03743316,0.65284515,0.00534759,0.00000000
2025-08,杭州糖小果-G-公众号,True,0.00000000,1,0,0,0.00000000,0.00000000,0.00000000,0.00000000,0,0,,,0.00000000,,0.00000000,0.00000000
2025-08,欣姐食养记-SY-小绿书,True,0.00000000,200,4,4,7320.00000000,7320.00000000,7320.00000000,0.00000000,0,0,0.00000000,0.00000000,0.02000000,,0.00000000,0.00000000
2025-08,江西乐达-G-公众号,True,317409.01000000,2859,103,103,204670.09000000,207631.00000000,204181.69000000,3449.31000000,192,6,3081.64087379,1.55454199,0.03602658,0.64481500,0.06715635,0.00209864
2025-08,河北灵创-G-公众号,True,81996.92000000,674,22,22,44034.20000000,43798.00000000,43798.00000000,0.00000000,45,3,3727.13272727,1.87216129,0.03264095,0.53702261,0.06676558,0.00445104
2025-08,河北灵创-G-视频号,True,65886.47000000,604,13,13,30541.20000000,30440.00000000,30440.00000000,0.00000000,1,1,5068.19000000,2.16447011,0.02152318,0.46354282,0.00165563,0.00165563
2025-08,浙江挖财-SY-私域/社群,True,41.51000000,1,0,0,0.00000000,0.00000000,0.00000000,0.00000000,0,0,,,0.00000000,0.00000000,0.00000000,0.00000000
2025-08,海学吉米-G-公众号,True,2342.83000000,166,3,3,5180.70000000,5140.00000000,5140.00000000,0.00000000,15,1,780.94333333,0.45580350,0.01807229,2.21130001,0.09036145,0.00602410
2025-08,海波-H-小红书,True,41.51000000,2,0,0,0.00000000,0.00000000,0.00000000,0.00000000,0,0,,,0.00000000,0.00000000,0.00000000,0.00000000
2025-08,海波-SP-短直视频,True,110409.94000000,2102,55,55,95923.73000000,100092.00000000,95923.73000000,4168.27000000,11,2,2007.45345455,1.15101800,0.02616556,0.86879614,0.00523311,0.00095147
2025-08,湖南浩娱-DY-短直视频,True,80934.80000000,3899,32,32,57404.00000000,59284.00000000,57404.00000000,1880.00000000,3,0,2529.21250000,1.40991569,0.00820723,0.70926227,0.00076943,0.00000000
2025-08,湖南璟川科技有限公司,True,7999.57000000,81,0,0,0.00000000,0.00000000,0.00000000,0.00000000,0,0,,,0.00000000,0.00000000,0.00000000,0.00000000
2025-08,灵犀互动-H-小红书,True,0.00000000,1,1,1,2681.00000000,2680.00000000,2680.00000000,0.00000000,0,0,0.00000000,0.00000000,1.00000000,,0.00000000,0.00000000
2025-08,热门好课,True,0.00000000,5775,136,136,269314.50000000,270237.00000000,269237.00000000,1000.00000000,659,430,0.00000000,0.00000000,0.02354978,,0.11411255,0.07445887
2025-08,爱奇艺,True,114291.51000000,1592,34,34,65896.00000000,65584.00000000,65584.00000000,0.00000000,20,1,3361.51500000,1.74267367,0.02135678,0.57656076,0.01256281,0.00062814
2025-08,爱运动的莎儿-DSP-短视频,True,0.00000000,1,0,0,0.00000000,0.00000000,0.00000000,0.00000000,0,0,,,0.00000000,,0.00000000,0.00000000
2025-08,王国星-SP-短直视频,True,0.00000000,201,0,0,0.00000000,0.00000000,0.00000000,0.00000000,3,0,,,0.00000000,,0.01492537,0.00000000
2025-08,琦亿-太极粉-DY-短直视频,True,0.00000000,19,0,0,0.00000000,0.00000000,0.00000000,0.00000000,0,0,,,0.00000000,,0.00000000,0.00000000
2025-08,瑜伽8短视频新,True,185.32000000,1,0,0,0.00000000,0.00000000,0.00000000,0.00000000,0,0,,,0.00000000,0.00000000,0.00000000,0.00000000
2025-08,瑜伽与冥想-短视频,True,250.20000000,2,0,0,0.00000000,0.00000000,0.00000000,0.00000000,1,0,,,0.00000000,0.00000000,0.50000000,0.00000000
2025-08,瑜伽与普拉提-代播,True,185.32000000,1,0,0,0.00000000,0.00000000,0.00000000,0.00000000,1,0,,,0.00000000,0.00000000,1.00000000,0.00000000
2025-08,瑜伽与普拉提-直播,True,579.15000000,4,0,0,0.00000000,0.00000000,0.00000000,0.00000000,1,0,,,0.00000000,0.00000000,0.25000000,0.00000000
2025-08,瑜伽书,True,1169.85000000,10,0,0,0.00000000,0.00000000,0.00000000,0.00000000,0,0,,,0.00000000,0.00000000,0.00000000,0.00000000
2025-08,电商品2,True,197.82000000,4,0,0,0.00000000,0.00000000,0.00000000,0.00000000,0,0,,,0.00000000,0.00000000,0.00000000,0.00000000
2025-08,电商品6,True,0.00000000,2,0,0,0.00000000,0.00000000,0.00000000,0.00000000,0,0,,,0.00000000,,0.00000000,0.00000000
2025-08,电商瑜伽1-包裹卡,True,321129.21000000,3220,53,53,92025.00000000,94445.00000000,92025.00000000,2420.00000000,1131,395,6059.04169811,3.48958663,0.01645963,0.28656689,0.35124224,0.12267081
2025-08,电商瑜伽1-直播,True,377975.70000000,2635,77,77,134444.27000000,137838.00000000,134444.27000000,3393.73000000,814,110,4908.77532468,2.81139315,0.02922201,0.35569554,0.30891841,0.04174573
2025-08,电商组合1-抖音直播,True,389.18000000,2,1,1,1880.00000000,1880.00000000,1880.00000000,0.00000000,2,0,389.18000000,0.20701064,0.50000000,4.83066961,1.00000000,0.00000000
2025-08,百度,True,7667275.51000000,53924,2658,2658,5100991.54000000,5097157.00000000,5027740.49000000,69416.51000000,858,170,2884.60327690,1.52499428,0.04929160,0.66529389,0.01591128,0.00315259
2025-08,百度-免费,True,0.70000000,7,0,0,0.00000000,0.00000000,0.00000000,0.00000000,5,5,,,0.00000000,0.00000000,0.71428571,0.71428571
2025-08,百度电商,True,0.00000000,45,3,3,6640.00000000,7140.00000000,6640.00000000,500.00000000,21,5,0.00000000,0.00000000,0.06666667,,0.46666667,0.11111111
2025-08,百度直播,True,72115.95000000,657,11,11,17680.00000000,17680.00000000,17680.00000000,0.00000000,4,0,6555.99545455,4.07895645,0.01674277,0.24516074,0.00608828,0.00000000
2025-08,真祺-sp-短直视频,True,73295.85000000,410,41,41,81456.00000000,81456.00000000,81456.00000000,0.00000000,30,23,1787.70365854,0.89982138,0.10000000,1.11133168,0.07317073,0.05609756
2025-08,知乎,True,0.00000000,5,0,0,5.00000000,0.00000000,0.00000000,0.00000000,0,0,,,0.00000000,,0.00000000,0.00000000
2025-08,私域-腾讯加粉,True,0.00000000,53,0,0,0.00000000,0.00000000,0.00000000,0.00000000,3,1,,,0.00000000,,0.05660377,0.01886792
2025-08,私域复购,True,0.00000000,1,0,0,0.00000000,0.00000000,0.00000000,0.00000000,1,1,,,0.00000000,,1.00000000,1.00000000
2025-08,穿山甲,True,419879.83000000,3709,100,100,195327.50000000,193235.00000000,190432.50000000,2802.50000000,55,6,4198.79830000,2.20487485,0.02696145,0.46519858,0.01482879,0.00161769
2025-08,美丽课堂-SP-短直视频,True,0.00000000,1,0,0,0.00000000,0.00000000,0.00000000,0.00000000,0,0,,,0.00000000,,0.00000000,0.00000000
2025-08,耀火网络-DY-短直视频,True,7824.60000000,253,6,6,10480.00000000,10480.00000000,10480.00000000,0.00000000,3,0,1304.10000000,0.74662214,0.02371542,1.33936559,0.01185771,0.00000000
2025-08,联合公众号,True,87852.68000000,629,16,16,29492.00000000,28864.00000000,28864.00000000,0.00000000,13,0,5490.79250000,3.04367655,0.02543720,0.33569835,0.02066773,0.00000000
2025-08,联合小程序,True,719.61000000,4,0,0,39.60000000,0.00000000,0.00000000,0.00000000,0,0,,,0.00000000,0.05502981,0.00000000,0.00000000
2025-08,联合小红书,True,1668.77000000,6,1,1,1880.00000000,1880.00000000,1880.00000000,0.00000000,0,0,1668.77000000,0.88764362,0.16666667,1.12657826,0.00000000,0.00000000
2025-08,联合微信,True,58145.63000000,271,12,12,25818.00000000,24622.00000000,24622.00000000,0.00000000,13,1,4845.46916667,2.36153156,0.04428044,0.44402305,0.04797048,0.00369004
2025-08,联合百度,True,5949.22000000,36,2,2,3015.00000000,2979.00000000,2979.00000000,0.00000000,0,0,2974.61000000,1.99705270,0.05555556,0.50678913,0.00000000,0.00000000
2025-08,联合视频号,True,301207.24000000,1469,49,49,94578.00000000,87892.00000000,85782.00000000,2110.00000000,160,5,6147.08653061,3.51131053,0.03335602,0.31399644,0.10891763,0.00340368
2025-08,联合视频号-人工,True,13440.02000000,78,0,0,468.00000000,0.00000000,0.00000000,0.00000000,0,0,,,0.00000000,0.03482138,0.00000000,0.00000000
2025-08,腾讯搜索,True,89.46000000,3,0,0,18.00000000,0.00000000,0.00000000,0.00000000,0,0,,,0.00000000,0.20120724,0.00000000,0.00000000
2025-08,萍乡蓝江-G-视频号,True,9283.15000000,37,0,0,0.00000000,0.00000000,0.00000000,0.00000000,0,0,,,0.00000000,0.00000000,0.00000000,0.00000000
2025-08,董文立老师-DY-短直视频,True,29938.89000000,277,14,14,32320.00000000,32320.00000000,32320.00000000,0.00000000,20,1,2138.49214286,0.92632704,0.05054152,1.07953234,0.07220217,0.00361011
2025-08,葱姜蒜-sy-其他异业,True,2219.88000000,47,1,1,2380.00000000,2380.00000000,2380.00000000,0.00000000,0,0,2219.88000000,0.93272269,0.02127660,1.07213003,0.00000000,0.00000000
2025-08,蜂助手-APP-其他异业,True,0.00000000,5,0,0,0.00000000,0.00000000,0.00000000,0.00000000,1,1,,,0.00000000,,0.20000000,0.20000000
2025-08,视频号,True,25370740.57000000,138096,7642,7642,15363199.51000000,14852243.30000000,14689151.51000000,163091.79000000,19038,808,3319.90847553,1.72717536,0.05533832,0.60554793,0.13786062,0.00585100
2025-08,视频号直播,True,468658.54000000,3223,163,163,287930.06000000,289095.15000000,287780.06000000,1315.09000000,744,110,2875.20576687,1.62853027,0.05057400,0.61437067,0.23084083,0.03412969
2025-08,许林看星星-DSP-短视频,True,0.00000000,2,0,0,0.00000000,0.00000000,0.00000000,0.00000000,0,0,,,0.00000000,,0.00000000,0.00000000
2025-08,达人种草-H-小红书蒲公英,True,4400.79000000,5,0,0,0.00000000,0.00000000,0.00000000,0.00000000,1,0,,,0.00000000,0.00000000,0.20000000,0.00000000
2025-08,达启源-SY-私域社群,True,41.51000000,1,0,0,0.00000000,0.00000000,0.00000000,0.00000000,0,0,,,0.00000000,0.00000000,0.00000000,0.00000000
2025-08,遂昌-DY-短直视频,True,0.00000000,1,0,0,0.00000000,0.00000000,0.00000000,0.00000000,0,0,,,0.00000000,,0.00000000,0.00000000
2025-08,重庆唱歌直播机构达人-DY-短直视频,True,63066.50000000,1744,20,20,38800.00000000,38800.00000000,38800.00000000,0.00000000,6,1,3153.32500000,1.62542526,0.01146789,0.61522361,0.00344037,0.00057339
2025-08,长沙昕娱-DY-短直视频,True,13228.47000000,508,7,7,14660.00000000,14660.00000000,14660.00000000,0.00000000,1,0,1889.78142857,0.90235130,0.01377953,1.10821584,0.00196850,0.00000000
2025-08,长沙瑷珲-SP-短直视频,True,0.00000000,89,0,0,0.00000000,0.00000000,0.00000000,0.00000000,0,0,,,0.00000000,,0.00000000,0.00000000
2025-08,音画-APP-垂直应用,True,2030.00000000,81,7,7,15737.60000000,15260.00000000,15260.00000000,0.00000000,0,0,290.00000000,0.13302752,0.08641975,7.75251232,0.00000000,0.00000000
2025-08,魏W老师-DY-短直视频,True,0.00000000,1,1,1,2681.00000000,2680.00000000,2680.00000000,0.00000000,0,0,0.00000000,0.00000000,1.00000000,,0.00000000,0.00000000
2025-08,鹿邑-摄影粉-DY-直播,True,318615.45000000,9905,139,139,280227.47000000,282271.00000000,280223.87000000,2047.13000000,21,0,2292.19748201,1.13700325,0.01403332,0.87951626,0.00212014,0.00000000
2025-08,龙际-SP-短直视频,True,2180.00000000,8,1,1,2180.00000000,2180.00000000,2180.00000000,0.00000000,0,0,2180.00000000,1.00000000,0.12500000,1.00000000,0.00000000,0.00000000
2025-09,-,True,0.00000000,41,0,0,0.03000000,0.00000000,0.00000000,0.00000000,16,14,,,0.00000000,,0.39024390,0.34146341
2025-09,360,True,152500.65000000,1975,53,53,105850.00000000,105807.00000000,105807.00000000,0.00000000,31,4,2877.37075472,1.44130965,0.02683544,0.69409540,0.01569620,0.00202532
2025-09,CX老师-SY-其他异业,True,0.00000000,7,1,1,2207.30000000,2180.00000000,2180.00000000,0.00000000,0,0,0.00000000,0.00000000,0.14285714,,0.00000000,0.00000000
2025-09,CZ-G-公众号,True,0.00000000,1,0,0,0.00000000,0.00000000,0.00000000,0.00000000,0,0,,,0.00000000,,0.00000000,0.00000000
2025-09,Facebook,True,71510.37000000,423,1,1,2880.00000000,2880.00000000,2880.00000000,0.00000000,0,0,71510.37000000,24.82998958,0.00236407,0.04027388,0.00000000,0.00000000
2025-09,GDT,True,8549835.46000000,45145,2697,2697,5504765.07000000,5432057.00000000,5378150.37000000,53906.63000000,3139,34,3170.12809047,1.58973529,0.05974084,0.64384456,0.06953151,0.00075313
2025-09,HW-聚力,True,277.61000000,3,1,1,1883.00000000,2880.00000000,1880.00000000,1000.00000000,0,0,277.61000000,0.14766489,0.33333333,6.78289687,0.00000000,0.00000000
2025-09,LZF老师-SY-其他异业,True,2751.37000000,106,4,4,7520.00000000,7520.00000000,7520.00000000,0.00000000,0,0,687.84250000,0.36587367,0.03773585,2.73318383,0.00000000,0.00000000
2025-09,NG快鸟-XCX-垂直应用,True,23380.38000000,3058,6,6,12080.00000000,12080.00000000,12080.00000000,0.00000000,496,13,3896.73000000,1.93546192,0.00196207,0.51667253,0.16219751,0.00425114
2025-09,PQ-P-垂直应用,True,1725908.10000000,115132,756,756,1402721.15000000,1427228.00000000,1402473.15000000,24754.85000000,14653,477,2282.94722222,1.23061757,0.00656638,0.81274382,0.12727131,0.00414307
2025-09,PQ卡锐-P-垂直应用,True,51824.98000000,3247,15,15,24936.00000000,28200.00000000,24936.00000000,3264.00000000,15,0,3454.99866667,2.07831970,0.00461965,0.48115793,0.00461965,0.00000000
2025-09,PQ龙特星-P-垂直应用,True,258190.98000000,14948,106,106,196313.00000000,196973.00000000,196313.00000000,660.00000000,283,10,2435.76396226,1.31520062,0.00709125,0.76034027,0.01893230,0.00066899
2025-09,PQ龙特星辰-P-垂直应用,True,23268.84000000,1536,6,6,10704.00000000,10704.00000000,10704.00000000,0.00000000,50,7,3878.14000000,2.17384529,0.00390625,0.46001434,0.03255208,0.00455729
2025-09,WB-武汉优嘉,True,46172.01000000,265,14,14,34181.00000000,33920.00000000,33920.00000000,0.00000000,8,0,3298.00071429,1.36120313,0.05283019,0.74029699,0.03018868,0.00000000
2025-09,XM-亚德,True,56232.71000000,621,22,22,42160.00000000,42160.00000000,42160.00000000,0.00000000,18,1,2556.03227273,1.33379293,0.03542673,0.74974157,0.02898551,0.00161031
2025-09,ZH-武汉飓风,True,0.00000000,1,0,0,0.00000000,0.00000000,0.00000000,0.00000000,0,0,,,0.00000000,,0.00000000,0.00000000
2025-09,ip视频号,True,0.00000000,30,0,0,0.00000000,0.00000000,0.00000000,0.00000000,4,4,,,0.00000000,,0.13333333,0.13333333
2025-09,vivo,True,41662.21000000,361,15,15,23368.51000000,24946.00000000,23038.50000000,1907.50000000,13,6,2777.48066667,1.80837338,0.04155125,0.56090423,0.03601108,0.01662050
2025-09,一杯星光-dy-短直视频,True,0.00000000,2,0,0,0.00000000,0.00000000,0.00000000,0.00000000,0,0,,,0.00000000,,0.00000000,0.00000000
2025-09,三金手机摄影教学-sp-短直视频,True,19775.07000000,189,13,13,23559.00000000,23559.00000000,23559.00000000,0.00000000,67,8,1521.15923077,0.83938495,0.06878307,1.19134850,0.35449735,0.04232804
2025-09,上海势居-DX-短信TMK,True,0.00000000,3,0,0,0.00000000,0.00000000,0.00000000,0.00000000,0,0,,,0.00000000,,0.00000000,0.00000000
2025-09,东升-摄影粉-DY-直播,True,37006.04000000,732,16,16,32380.00000000,32380.00000000,32380.00000000,0.00000000,1,0,2312.87750000,1.14286720,0.02185792,0.87499230,0.00136612,0.00000000
2025-09,东莞聚力-APP-垂直应用,True,51845.89000000,368,16,16,31282.00000000,29080.00000000,29080.00000000,0.00000000,2,0,3240.36812500,1.78287105,0.04347826,0.60336509,0.00543478,0.00000000
2025-09,乐推YK-APP-垂直应用,True,13469.89000000,113,4,4,9398.00000000,8720.00000000,8720.00000000,0.00000000,1,0,3367.47250000,1.54471216,0.03539823,0.69770429,0.00884956,0.00000000
2025-09,互动吧-G-公众号,True,20812.12000000,476,22,22,46003.40000000,45492.00000000,45492.00000000,0.00000000,1,0,946.00545455,0.45748967,0.04621849,2.21041393,0.00210084,0.00000000
2025-09,互选平台-G-公众号,True,0.00000000,3,2,2,4760.00000000,4760.00000000,4760.00000000,0.00000000,0,0,0.00000000,0.00000000,0.66666667,,0.00000000,0.00000000
2025-09,今日头条,True,8373993.96000000,57407,3187,3187,6152562.39000000,5976814.15000000,5929716.85000000,47097.30000000,6790,476,2627.54752432,1.41220807,0.05551588,0.73472257,0.11827826,0.00829167
2025-09,今日头条-免费,True,0.00000000,5,1,1,14000.00000000,14000.00000000,14000.00000000,0.00000000,5,5,0.00000000,0.00000000,0.20000000,,1.00000000,1.00000000
2025-09,优酷,True,0.00000000,7,0,0,0.01000000,0.00000000,0.00000000,0.00000000,5,5,,,0.00000000,,0.71428571,0.71428571
2025-09,优量汇,True,6114735.57000000,32099,1567,1567,3548827.07000000,3286533.30000000,3247579.07000000,38954.23000000,1291,69,3902.19245054,1.88285964,0.04881772,0.58037294,0.04021932,0.00214960
2025-09,余光教手机摄影-SP-短直视频,True,0.00000000,2,0,0,0.00000000,0.00000000,0.00000000,0.00000000,1,0,,,0.00000000,,0.50000000,0.00000000
2025-09,保定恩木-SP-短直视频,True,0.00000000,4,0,0,0.00000000,0.00000000,0.00000000,0.00000000,0,0,,,0.00000000,,0.00000000,0.00000000
2025-09,健识康养-SP-短直视频,True,0.00000000,1,0,0,0.00000000,0.00000000,0.00000000,0.00000000,0,0,,,0.00000000,,0.00000000,0.00000000
2025-09,元一-SP-短直视频,True,0.00000000,4,0,0,0.00000000,0.00000000,0.00000000,0.00000000,0,0,,,0.00000000,,0.00000000,0.00000000
2025-09,公众号,True,2087014.95000000,13094,708,708,1366003.10000000,1356556.00000000,1346166.50000000,10389.50000000,2245,43,2947.76122881,1.55033939,0.05407057,0.65452483,0.17145257,0.00328395
2025-09,凌峰-H-小红书,True,0.00000000,1,0,0,0.00000000,0.00000000,0.00000000,0.00000000,0,0,,,0.00000000,,0.00000000,0.00000000
2025-09,剧Y-G-公众号,True,1454.54000000,27,0,0,27.50000000,0.00000000,0.00000000,0.00000000,0,0,,,0.00000000,0.01890632,0.00000000,0.00000000
2025-09,北海-摄影粉-DY-直播,True,120397.62000000,3589,50,50,104381.40000000,105524.00000000,104373.00000000,1151.00000000,11,1,2407.95240000,1.15353224,0.01393146,0.86697229,0.00306492,0.00027863
2025-09,北海-直播粉-新-DY-短直视频,True,0.00000000,1,0,0,0.10000000,0.00000000,0.00000000,0.00000000,0,0,,,0.00000000,,0.00000000,0.00000000
2025-09,北海分部-dy-短直视频,True,0.00000000,1,0,0,1.00000000,0.00000000,0.00000000,0.00000000,0,0,,,0.00000000,,0.00000000,0.00000000
2025-09,千川平台直播,True,182.09000000,1,0,0,3.90000000,0.00000000,0.00000000,0.00000000,1,0,,,0.00000000,0.02141798,1.00000000,0.00000000
2025-09,千川直播,True,654543.04000000,4041,101,101,172533.76000000,175285.00000000,172533.76000000,2751.24000000,590,48,6480.62415842,3.79370994,0.02499381,0.26359422,0.14600346,0.01187825
2025-09,千川直播-获客,True,0.00000000,6,0,0,0.00000000,0.00000000,0.00000000,0.00000000,1,0,,,0.00000000,,0.16666667,0.00000000
2025-09,华一堂-SP-短直视频,True,0.00000000,1,0,0,0.00000000,0.00000000,0.00000000,0.00000000,0,0,,,0.00000000,,0.00000000,0.00000000
2025-09,华为-东莞聚力,True,4013.67000000,52,2,2,4143.00000000,4142.00000000,4142.00000000,0.00000000,1,1,2006.83500000,0.96901738,0.03846154,1.03222238,0.01923077,0.01923077
2025-09,华为亚德,True,456285.75000000,4648,176,176,343841.94000000,349022.00000000,341975.14000000,7046.86000000,216,65,2592.53267045,1.33426585,0.03786575,0.75356712,0.04647160,0.01398451
2025-09,南昌微动-G-公众号,True,149804.31000000,1281,46,46,104009.70000000,103342.00000000,103342.00000000,0.00000000,49,1,3256.61543478,1.44959755,0.03590945,0.69430379,0.03825137,0.00078064
2025-09,南昌高森-G-公众号,True,17300.54000000,105,6,6,10909.15000000,10909.15000000,10909.15000000,0.00000000,11,0,2883.42333333,1.58587424,0.05714286,0.63056702,0.10476190,0.00000000
2025-09,南昌高森-G-视频号,True,133353.70000000,1809,27,27,59496.49000000,59860.00000000,58918.49000000,941.51000000,3,0,4939.02592593,2.26335909,0.01492537,0.44615552,0.00165837,0.00000000
2025-09,南木-H-小红书,True,0.00000000,1,0,0,0.00000000,0.00000000,0.00000000,0.00000000,0,0,,,0.00000000,,0.00000000,0.00000000
2025-09,厦门好量-H-小红书,True,0.00000000,1,0,0,0.00000000,0.00000000,0.00000000,0.00000000,0,0,,,0.00000000,,0.00000000,0.00000000
2025-09,合肥哲礼-G-公众号,True,25460.65000000,348,12,12,24779.00000000,24779.00000000,24779.00000000,0.00000000,80,9,2121.72083333,1.02750918,0.03448276,0.97322731,0.22988506,0.02586207
2025-09,合肥哲礼-G-视频号,True,13919.92000000,185,2,2,4260.00000000,4260.00000000,4260.00000000,0.00000000,1,0,6959.96000000,3.26758685,0.01081081,0.30603624,0.00540541,0.00000000
2025-09,向日葵妈妈-XCX-垂直应用,True,0.00000000,1,0,0,0.00000000,0.00000000,0.00000000,0.00000000,0,0,,,0.00000000,,0.00000000,0.00000000
2025-09,品牌活动,True,0.00000000,1,0,0,0.00000000,0.00000000,0.00000000,0.00000000,0,0,,,0.00000000,,0.00000000,0.00000000
2025-09,喜马拉雅,True,119447.71000000,1289,49,49,92290.00000000,94320.00000000,92290.00000000,2030.00000000,37,11,2437.70836735,1.29426493,0.03801396,0.77263934,0.02870442,0.00853375
2025-09,喜鹊-XCX-垂直应用,True,159237.89000000,11671,57,57,107588.38000000,109133.00000000,107588.38000000,1544.62000000,29,6,2793.64719298,1.48006588,0.00488390,0.67564560,0.00248479,0.00051409
2025-09,增量组,True,0.00000000,132,0,0,0.00000000,0.00000000,0.00000000,0.00000000,2,0,,,0.00000000,,0.01515152,0.00000000
2025-09,太极音箱-包裹卡,True,27.53000000,2,0,0,0.00000000,0.00000000,0.00000000,0.00000000,0,0,,,0.00000000,0.00000000,0.00000000,0.00000000
2025-09,子齐老师教唱歌-dy-短直视频,True,0.00000000,1,0,0,0.00000000,0.00000000,0.00000000,0.00000000,0,0,,,0.00000000,,0.00000000,0.00000000
2025-09,存量MVP,True,96.20000000,9,2,2,4158.10000000,3760.00000000,3760.00000000,0.00000000,1,1,48.10000000,0.02558511,0.22222222,43.22349272,0.11111111,0.11111111
2025-09,安徽汇旻-G-公众号,True,2620.00000000,4,0,0,0.00000000,0.00000000,0.00000000,0.00000000,1,0,,,0.00000000,0.00000000,0.25000000,0.00000000
2025-09,安徽煜旻-G-公众号,True,107423.44000000,943,22,22,45622.85000000,47229.15000000,45478.75000000,1750.40000000,82,0,4882.88363636,2.36205788,0.02332980,0.42470107,0.08695652,0.00000000
2025-09,安徽煜旻-G-视频号,True,34501.04000000,778,16,16,39264.00000000,40580.00000000,38656.00000000,1924.00000000,1,0,2156.31500000,0.89251449,0.02056555,1.13805265,0.00128535,0.00000000
2025-09,安徽煦展-G-公众号,True,0.00000000,2,0,0,2.20000000,0.00000000,0.00000000,0.00000000,0,0,,,0.00000000,,0.00000000,0.00000000
2025-09,寒冰-sp-短直视频,True,0.00000000,3,0,0,0.00000000,0.00000000,0.00000000,0.00000000,0,0,,,0.00000000,,0.00000000,0.00000000
2025-09,小刘手机摄影-dy-短直视频,True,0.00000000,1,0,0,0.10000000,0.00000000,0.00000000,0.00000000,0,0,,,0.00000000,,0.00000000,0.00000000
2025-09,小徐老师手机摄影-摄影粉-DY-直播,True,27161.25000000,664,13,13,28364.00000000,28364.00000000,28364.00000000,0.00000000,0,0,2089.32692308,0.95759590,0.01957831,1.04428184,0.00000000,0.00000000
2025-09,小文老师教音乐-sp-短直视频,True,0.00000000,12,0,0,0.00000000,0.00000000,0.00000000,0.00000000,0,0,,,0.00000000,,0.00000000,0.00000000
2025-09,小来早晚安-G-公众号,True,0.00000000,1,0,0,1.10000000,0.00000000,0.00000000,0.00000000,0,0,,,0.00000000,,0.00000000,0.00000000
2025-09,小程序,True,5670631.15000000,26845,1581,1581,3212665.87000000,3009137.10000000,2996976.07000000,12161.03000000,6345,165,3586.73697027,1.89211759,0.05889365,0.56654467,0.23635686,0.00614640
2025-09,小红书,True,5978464.88000000,31502,1721,1721,3639927.10000000,3665585.15000000,3626725.10000000,38860.05000000,351,29,3473.83200465,1.64844721,0.05463145,0.60883976,0.01114215,0.00092058
2025-09,小红书国外,True,7177.93000000,21,0,0,0.00000000,0.00000000,0.00000000,0.00000000,0,0,,,0.00000000,0.00000000,0.00000000,0.00000000
2025-09,小红书瑜伽,True,0.00000000,2,0,0,0.00000000,0.00000000,0.00000000,0.00000000,1,1,,,0.00000000,,0.50000000,0.50000000
2025-09,小红书直播,True,0.00000000,62,2,2,4360.00000000,4360.00000000,4360.00000000,0.00000000,2,0,0.00000000,0.00000000,0.03225806,,0.03225806,0.00000000
2025-09,巨牛传媒-SP-短直视频,True,0.00000000,4,0,0,0.00000000,0.00000000,0.00000000,0.00000000,0,0,,,0.00000000,,0.00000000,0.00000000
2025-09,巨量星图,True,0.00000000,1,0,0,0.00000000,0.00000000,0.00000000,0.00000000,0,0,,,0.00000000,,0.00000000,0.00000000
2025-09,巨量星图-DY-短直视频,True,0.00000000,1,0,0,0.00000000,0.00000000,0.00000000,0.00000000,0,0,,,0.00000000,,0.00000000,0.00000000
2025-09,广州开域-G-视频号,True,14484.40000000,153,1,1,2391.00000000,2380.00000000,2380.00000000,0.00000000,0,0,14484.40000000,6.08588235,0.00653595,0.16507415,0.00000000,0.00000000
2025-09,广州高途-SY-私域/社群,True,0.00000000,2,0,0,0.00000000,0.00000000,0.00000000,0.00000000,0,0,,,0.00000000,,0.00000000,0.00000000
2025-09,弹码,True,0.00000000,4,0,0,0.00000000,0.00000000,0.00000000,0.00000000,3,0,,,0.00000000,,0.75000000,0.00000000
2025-09,当红文化-SP-短直视频,True,0.00000000,21,1,1,1880.00000000,1880.00000000,1880.00000000,0.00000000,0,0,0.00000000,0.00000000,0.04761905,,0.00000000,0.00000000
2025-09,微信,True,8847982.84000000,43926,2871,2871,5807317.04000000,5683462.10000000,5629714.36000000,53747.74000000,5944,185,3081.84703588,1.57165751,0.06535992,0.65634361,0.13531849,0.00421163
2025-09,微博,True,333488.46000000,2183,78,78,161915.67000000,161750.00000000,159766.67000000,1983.33000000,63,9,4275.49307692,2.08734688,0.03573065,0.48552106,0.02885937,0.00412277
2025-09,快手,True,1626962.80000000,13802,483,483,879510.40000000,839300.00000000,826266.67000000,13033.33000000,1551,140,3368.45300207,1.96905292,0.03499493,0.54058421,0.11237502,0.01014346
2025-09,快手直播,True,5560.53000000,35,3,3,4495.50000000,4359.00000000,4359.00000000,0.00000000,7,3,1853.51000000,1.27564350,0.08571429,0.80846610,0.20000000,0.08571429
2025-09,快手私信,True,47306.60000000,263,12,12,25593.10000000,24579.00000000,24579.00000000,0.00000000,8,2,3942.21666667,1.92467554,0.04562738,0.54100485,0.03041825,0.00760456
2025-09,念念老师教唱谱-sp-短直视频,True,0.00000000,28,0,0,0.00000000,0.00000000,0.00000000,0.00000000,1,1,,,0.00000000,,0.03571429,0.03571429
2025-09,抖音,True,21446910.18000000,148488,7132,7132,14170628.69000000,13684508.65000000,13523642.24000000,160866.41000000,9464,651,3007.13827538,1.58588269,0.04803082,0.66073055,0.06373579,0.00438419
2025-09,抖音-免费,True,0.00000000,29,2,2,3960.00000000,3960.00000000,3960.00000000,0.00000000,1,1,0.00000000,0.00000000,0.06896552,,0.03448276,0.03448276
2025-09,抖音千川,True,0.00000000,1,0,0,0.00000000,0.00000000,0.00000000,0.00000000,0,0,,,0.00000000,,0.00000000,0.00000000
2025-09,抖音品专,True,0.00000000,31,1,1,2183.10000000,2180.00000000,2180.00000000,0.00000000,1,0,0.00000000,0.00000000,0.03225806,,0.03225806,0.00000000
2025-09,抖音品牌,True,95146.72000000,788,16,16,35218.00000000,30580.00000000,30580.00000000,0.00000000,8,3,5946.67000000,3.11140353,0.02030457,0.37014413,0.01015228,0.00380711
2025-09,抖音星图轻运动-DY-短直视频,True,104960.77000000,5074,32,32,60560.00000000,60560.00000000,60560.00000000,0.00000000,578,71,3280.02406250,1.73316991,0.00630666,0.57697747,0.11391407,0.01399291
2025-09,抖音星图达人-DY-短直视频,True,0.00000000,1,0,0,0.00000000,0.00000000,0.00000000,0.00000000,0,0,,,0.00000000,,0.00000000,0.00000000
2025-09,抖音直播,True,299780.62000000,1474,72,72,133424.40000000,129172.00000000,124634.40000000,4537.60000000,407,8,4163.61972222,2.40527992,0.04884668,0.44507347,0.27611940,0.00542741
2025-09,抖音购物车,True,454462.26000000,3080,165,165,333066.00000000,314628.00000000,314628.00000000,0.00000000,23,8,2754.31672727,1.44444315,0.05357143,0.73287934,0.00746753,0.00259740
2025-09,拉伸-直播,True,121.03000000,1,0,0,0.00000000,0.00000000,0.00000000,0.00000000,1,0,,,0.00000000,0.00000000,1.00000000,0.00000000
2025-09,拾Y-G-公众号,True,0.00000000,11,0,0,4.40000000,0.00000000,0.00000000,0.00000000,1,0,,,0.00000000,,0.09090909,0.00000000
2025-09,摄影存量,True,36084.73000000,333,16,16,37215.40000000,37197.00000000,37197.00000000,0.00000000,0,0,2255.29562500,0.97009786,0.04804805,1.03133375,0.00000000,0.00000000
2025-09,摄影师路白-DY-短直视频,True,10615.50000000,337,14,14,29830.00000000,29320.00000000,29320.00000000,0.00000000,15,1,758.25000000,0.36205662,0.04154303,2.81004192,0.04451039,0.00296736
2025-09,摄影读书会-XX-其他异业,True,0.00000000,3,0,0,0.00000000,0.00000000,0.00000000,0.00000000,0,0,,,0.00000000,,0.00000000,0.00000000
2025-09,敬泽摄影师-DY-短直视频,True,18639.60000000,189,11,11,24744.00000000,24744.00000000,24744.00000000,0.00000000,58,16,1694.50909091,0.75329777,0.05820106,1.32749630,0.30687831,0.08465608
2025-09,易学-dy-短直视频,True,0.00000000,5,0,0,0.00000000,0.00000000,0.00000000,0.00000000,0,0,,,0.00000000,,0.00000000,0.00000000
2025-09,易尊-平台1,True,0.00000000,32,0,0,0.00000000,0.00000000,0.00000000,0.00000000,1,0,,,0.00000000,,0.03125000,0.00000000
2025-09,晓峰老师教音乐-sp-短直视频,True,0.00000000,10,1,1,2180.00000000,2180.00000000,2180.00000000,0.00000000,0,0,0.00000000,0.00000000,0.10000000,,0.00000000,0.00000000
2025-09,晖正浩原-G-公众号,True,79802.11000000,1025,42,42,86329.47000000,88198.00000000,86294.27000000,1903.73000000,96,4,1900.05023810,0.92476719,0.04097561,1.08179433,0.09365854,0.00390244
2025-09,晟阳达投-sy-异业,True,0.00000000,1,0,0,0.00000000,0.00000000,0.00000000,0.00000000,0,0,,,0.00000000,,0.00000000,0.00000000
2025-09,晴天-SP-短直视频,True,0.00000000,3,0,0,0.00000000,0.00000000,0.00000000,0.00000000,0,0,,,0.00000000,,0.00000000,0.00000000
2025-09,未来时代-G-公众号,True,129109.68000000,1804,77,77,144444.92000000,146927.15000000,144444.92000000,2482.23000000,266,9,1676.74909091,0.89383330,0.04268293,1.11877684,0.14745011,0.00498891
2025-09,杭州乐潼-G-公众号,True,10500.01000000,43,5,5,10701.60000000,10662.00000000,10662.00000000,0.00000000,1,0,2100.00200000,0.98480679,0.11627907,1.01919903,0.02325581,0.00000000
2025-09,杭州真量-APP-垂直应用,True,19707.25000000,153,3,3,6146.00000000,5240.00000000,5240.00000000,0.00000000,0,0,6569.08333333,3.76092557,0.01960784,0.31186492,0.00000000,0.00000000
2025-09,欣姐食养记-SY-小绿书,True,0.00000000,113,3,3,7140.00000000,7140.00000000,7140.00000000,0.00000000,0,0,0.00000000,0.00000000,0.02654867,,0.00000000,0.00000000
2025-09,歌手刘浩宇-DY-短直视频,True,14082.60000000,479,4,4,7420.00000000,7420.00000000,7420.00000000,0.00000000,0,0,3520.65000000,1.89792453,0.00835073,0.52689134,0.00000000,0.00000000
2025-09,武汉新视点-SP-短直视频,True,0.00000000,2,0,0,0.00000000,0.00000000,0.00000000,0.00000000,0,0,,,0.00000000,,0.00000000,0.00000000
2025-09,江西乐达-G-公众号,True,343713.35000000,2892,105,105,222470.70000000,225824.00000000,221730.40000000,4093.60000000,169,8,3273.46047619,1.55014085,0.03630705,0.64725650,0.05843707,0.00276625
2025-09,河北灵创-G-公众号,True,76402.70000000,500,18,18,40004.00000000,39640.00000000,39640.00000000,0.00000000,21,0,4244.59444444,1.92741423,0.03600000,0.52359406,0.04200000,0.00000000
2025-09,河北灵创-G-视频号,True,97394.75000000,2036,30,30,66181.00000000,68500.00000000,66140.00000000,2360.00000000,51,1,3246.49166667,1.47255443,0.01473477,0.67951301,0.02504912,0.00049116
2025-09,河北灵创-视频-G-公众号,True,0.00000000,3,0,0,0.00000000,0.00000000,0.00000000,0.00000000,0,0,,,0.00000000,,0.00000000,0.00000000
2025-09,泛粉1v1,True,0.00000000,20,2,2,4760.00000000,4760.00000000,4760.00000000,0.00000000,17,0,0.00000000,0.00000000,0.10000000,,0.85000000,0.00000000
2025-09,测试,True,0.00000000,1,0,0,0.01000000,0.00000000,0.00000000,0.00000000,0,0,,,0.00000000,,0.00000000,0.00000000
2025-09,海学吉米-G-公众号,True,5895.36000000,106,5,5,11328.60000000,11300.00000000,11300.00000000,0.00000000,1,0,1179.07200000,0.52171327,0.04716981,1.92161293,0.00943396,0.00000000
2025-09,海波-SP-短直视频,True,119907.40000000,1289,54,54,107810.14000000,110593.00000000,107810.14000000,2782.86000000,17,3,2220.50740741,1.11220893,0.04189294,0.89911165,0.01318852,0.00232739
2025-09,淘淘-APP-垂直应用,True,0.00000000,1,0,0,0.00000000,0.00000000,0.00000000,0.00000000,0,0,,,0.00000000,,0.00000000,0.00000000
2025-09,湖南唤醒空间-SY-其他异业,True,0.00000000,1,0,0,0.00000000,0.00000000,0.00000000,0.00000000,0,0,,,0.00000000,,0.00000000,0.00000000
2025-09,湖南易满-TS-其他异业,True,0.00000000,373,2,2,3360.00000000,3360.00000000,3360.00000000,0.00000000,0,0,0.00000000,0.00000000,0.00536193,,0.00000000,0.00000000
2025-09,湖南浩娱-DY-短直视频,True,48431.97000000,2344,22,22,37633.33000000,40260.00000000,37633.33000000,2626.67000000,2,0,2201.45318182,1.28694352,0.00938567,0.77703488,0.00085324,0.00000000
2025-09,湖南璟川科技有限公司-私域CPA,True,4998.38000000,545,0,0,0.00000000,0.00000000,0.00000000,0.00000000,0,0,,,0.00000000,0.00000000,0.00000000,0.00000000
2025-09,灵犀互动-H-小红书,True,0.00000000,1,0,0,1.00000000,0.00000000,0.00000000,0.00000000,0,0,,,0.00000000,,0.00000000,0.00000000
2025-09,灵犀广告-H-小红书,True,0.00000000,3,0,0,2.00000000,0.00000000,0.00000000,0.00000000,0,0,,,0.00000000,,0.00000000,0.00000000
2025-09,热门好课,True,0.00000000,2911,96,96,177310.61000000,179077.00000000,177197.00000000,1880.00000000,97,62,0.00000000,0.00000000,0.03297836,,0.03332188,0.02129852
2025-09,爱奇艺,True,68010.69000000,740,31,31,64511.00000000,63863.00000000,63863.00000000,0.00000000,9,3,2193.89322581,1.06494668,0.04189189,0.94854206,0.01216216,0.00405405
2025-09,爱奇艺-杭州亦立,True,2783.60000000,28,1,1,880.00000000,880.00000000,880.00000000,0.00000000,1,0,2783.60000000,3.16318182,0.03571429,0.31613738,0.03571429,0.00000000
2025-09,王国星-SP-短直视频,True,0.00000000,2,0,0,0.00000000,0.00000000,0.00000000,0.00000000,0,0,,,0.00000000,,0.00000000,0.00000000
2025-09,王溪老师-SY-其他异业,True,0.00000000,1,0,0,0.00000000,0.00000000,0.00000000,0.00000000,0,0,,,0.00000000,,0.00000000,0.00000000
2025-09,琦亿-DY-短直视频,True,0.00000000,1,0,0,0.00000000,0.00000000,0.00000000,0.00000000,0,0,,,0.00000000,,0.00000000,0.00000000
2025-09,琦亿-太极粉-DY-短直视频,True,0.00000000,164,0,0,0.00000000,0.00000000,0.00000000,0.00000000,1,1,,,0.00000000,,0.00609756,0.00609756
2025-09,瑜伽与普拉提-代播,True,85.24000000,1,0,0,0.00000000,0.00000000,0.00000000,0.00000000,0,0,,,0.00000000,0.00000000,0.00000000,0.00000000
2025-09,瑜伽与普拉提-直播,True,286.86000000,2,0,0,0.00000000,0.00000000,0.00000000,0.00000000,0,0,,,0.00000000,0.00000000,0.00000000,0.00000000
2025-09,瑜伽书,True,198.11000000,6,0,0,0.00000000,0.00000000,0.00000000,0.00000000,1,0,,,0.00000000,0.00000000,0.16666667,0.00000000
2025-09,用户召回-20250318,True,0.00000000,2,1,1,2180.00000000,2180.00000000,2180.00000000,0.00000000,1,0,0.00000000,0.00000000,0.50000000,,0.50000000,0.00000000
2025-09,电商品3,True,7.98000000,1,0,0,0.00000000,0.00000000,0.00000000,0.00000000,0,0,,,0.00000000,0.00000000,0.00000000,0.00000000
2025-09,电商品5,True,139.99000000,8,0,0,0.00000000,0.00000000,0.00000000,0.00000000,4,0,,,0.00000000,0.00000000,0.50000000,0.00000000
2025-09,电商品6,True,25813.77000000,122,18,18,25305.00000000,25305.00000000,25305.00000000,0.00000000,1,0,1434.09833333,1.02010551,0.14754098,0.98029075,0.00819672,0.00000000
2025-09,电商瑜伽1,True,201.36000000,25,1,1,1580.00000000,1580.00000000,1580.00000000,0.00000000,24,24,201.36000000,0.12744304,0.04000000,7.84664283,0.96000000,0.96000000
2025-09,电商瑜伽1-包裹卡,True,68554.89000000,740,24,24,44376.00000000,44376.00000000,44376.00000000,0.00000000,222,35,2856.45375000,1.54486412,0.03243243,0.64730612,0.30000000,0.04729730
2025-09,电商瑜伽1-直播,True,44063.22000000,358,14,14,25283.00000000,25283.00000000,25283.00000000,0.00000000,105,11,3147.37285714,1.74280030,0.03910615,0.57378921,0.29329609,0.03072626
2025-09,百度,True,6385997.14000000,42216,2121,2121,4172240.26000000,4175315.10000000,4106956.42000000,68358.68000000,289,43,3010.84259312,1.55492206,0.05024161,0.65334202,0.00684575,0.00101857
2025-09,百度-免费,True,0.00000000,3,0,0,0.00000000,0.00000000,0.00000000,0.00000000,3,3,,,0.00000000,,1.00000000,1.00000000
2025-09,百度电商,True,0.00000000,11,0,0,0.00000000,0.00000000,0.00000000,0.00000000,2,1,,,0.00000000,,0.18181818,0.09090909
2025-09,百度直播,True,55615.58000000,456,13,13,23040.00000000,23040.00000000,23040.00000000,0.00000000,1,1,4278.12153846,2.41387066,0.02850877,0.41427240,0.00219298,0.00219298
2025-09,真祺-sp-短直视频,True,72495.44000000,397,45,45,84849.00000000,85630.00000000,84849.00000000,781.00000000,21,10,1611.00977778,0.85440536,0.11335013,1.17040465,0.05289673,0.02518892
2025-09,知乎,True,0.00000000,2,0,0,2.00000000,0.00000000,0.00000000,0.00000000,0,0,,,0.00000000,,0.00000000,0.00000000
2025-09,私域,True,0.00000000,90,0,0,0.00000000,0.00000000,0.00000000,0.00000000,1,1,,,0.00000000,,0.01111111,0.01111111
2025-09,私域-腾讯加粉,True,0.00000000,92,0,0,0.00000000,0.00000000,0.00000000,0.00000000,5,1,,,0.00000000,,0.05434783,0.01086957
2025-09,穿山甲,True,261598.98000000,2232,61,61,123814.56000000,126180.00000000,121249.56000000,4930.44000000,30,1,4288.50786885,2.15752519,0.02732975,0.47329909,0.01344086,0.00044803
2025-09,网易质云-DX-短信TMK,True,0.00000000,114,0,0,0.00000000,0.00000000,0.00000000,0.00000000,0,0,,,0.00000000,,0.00000000,0.00000000
2025-09,联合小程序,True,720.57000000,2,0,0,19.80000000,0.00000000,0.00000000,0.00000000,1,0,,,0.00000000,0.02747825,0.50000000,0.00000000
2025-09,联合小红书,True,0.00000000,2,0,0,0.00000000,0.00000000,0.00000000,0.00000000,0,0,,,0.00000000,,0.00000000,0.00000000
2025-09,联合微信,True,1925.83000000,6,0,0,36.00000000,0.00000000,0.00000000,0.00000000,1,0,,,0.00000000,0.01869324,0.16666667,0.00000000
2025-09,联合百度,True,155149.06000000,1110,45,45,84344.40000000,86519.00000000,83238.20000000,3280.80000000,1,0,3447.75688889,1.86391657,0.04054054,0.54363462,0.00090090,0.00000000
2025-09,联合视频号,True,39871.37000000,151,7,7,12966.00000000,12060.00000000,12060.00000000,0.00000000,25,3,5695.91000000,3.30608375,0.04635762,0.32519575,0.16556291,0.01986755
2025-09,腾讯搜索,True,461.88000000,3,0,0,18.00000000,0.00000000,0.00000000,0.00000000,0,0,,,0.00000000,0.03897116,0.00000000,0.00000000
2025-09,菜单栏,True,0.00000000,1,0,0,0.00000000,0.00000000,0.00000000,0.00000000,0,0,,,0.00000000,,0.00000000,0.00000000
2025-09,萍乡蓝江-G-视频号,True,0.00000000,6,0,0,0.00000000,0.00000000,0.00000000,0.00000000,0,0,,,0.00000000,,0.00000000,0.00000000
2025-09,董文立老师-DY-短直视频,True,24121.84000000,200,10,10,23800.00000000,23800.00000000,23800.00000000,0.00000000,2,0,2412.18400000,1.01352269,0.05000000,0.98665773,0.01000000,0.00000000
2025-09,视频号,True,25088178.32000000,135638,7518,7518,15738820.96000000,15235720.35000000,15039521.43000000,196198.92000000,16229,617,3337.08144719,1.66815004,0.05542695,0.62734013,0.11964936,0.00454887
2025-09,视频号直播,True,930349.17000000,6277,235,235,443296.07000000,446211.00000000,441828.87000000,4382.13000000,1814,126,3958.93263830,2.10567763,0.03743827,0.47648354,0.28899156,0.02007328
2025-09,视频号直播组件,True,18.49000000,3,0,0,0.00000000,0.00000000,0.00000000,0.00000000,0,0,,,0.00000000,0.00000000,0.00000000,0.00000000
2025-09,赞道-DSP-短直视频,True,0.00000000,1,0,0,0.00000000,0.00000000,0.00000000,0.00000000,0,0,,,0.00000000,,0.00000000,0.00000000
2025-09,郑州菁蕾-短信,True,9399.78000000,26,0,0,26.00000000,0.00000000,0.00000000,0.00000000,0,0,,,0.00000000,0.00276602,0.00000000,0.00000000
2025-09,重庆唱歌直播机构达人-DY-短直视频,True,0.00000000,82,2,2,3060.00000000,3060.00000000,3060.00000000,0.00000000,0,0,0.00000000,0.00000000,0.02439024,,0.00000000,0.00000000
2025-09,钟雷老师音乐课堂-DY-短直视频,True,0.00000000,4,0,0,0.00000000,0.00000000,0.00000000,0.00000000,0,0,,,0.00000000,,0.00000000,0.00000000
2025-09,锦囊互动-DX-短信TMK,True,0.00000000,44,1,1,1880.00000000,1880.00000000,1880.00000000,0.00000000,0,0,0.00000000,0.00000000,0.02272727,,0.00000000,0.00000000
2025-09,长沙昕娱-DY-短直视频,True,14783.03000000,652,2,2,4060.00000000,4060.00000000,4060.00000000,0.00000000,1,0,7391.51500000,3.64114039,0.00306748,0.27463923,0.00153374,0.00000000
2025-09,长沙瑷珲-SP-短直视频,True,0.00000000,92,0,0,0.00000000,0.00000000,0.00000000,0.00000000,0,0,,,0.00000000,,0.00000000,0.00000000
2025-09,魏W老师-DY-短直视频,True,0.00000000,1,0,0,1.00000000,0.00000000,0.00000000,0.00000000,0,0,,,0.00000000,,0.00000000,0.00000000
2025-09,鹿邑-摄影粉-DY-直播,True,195975.15000000,4989,87,87,175274.90000000,175274.00000000,175274.00000000,0.00000000,12,0,2252.58793103,1.11810736,0.01743836,0.89437309,0.00240529,0.00000000
2025-09,麟郁百货-SY-私域社群,True,0.00000000,4,0,0,0.00000000,0.00000000,0.00000000,0.00000000,1,1,,,0.00000000,,0.25000000,0.25000000
2025-09,龙际-SP-短直视频,True,0.00000000,5,0,0,0.00000000,0.00000000,0.00000000,0.00000000,0,0,,,0.00000000,,0.00000000,0.00000000
2025-10,-,True,0.00000000,59,9,9,15580.08000000,15580.04000000,15580.04000000,0.00000000,24,12,0.00000000,0.00000000,0.15254237,,0.40677966,0.20338983
2025-10,01瑜伽招募达人合集-DSP-短视频,True,0.00000000,1,0,0,0.00000000,0.00000000,0.00000000,0.00000000,0,0,,,0.00000000,,0.00000000,0.00000000
2025-10,360,True,183739.85000000,1754,56,56,111893.00000000,111623.00000000,111623.00000000,0.00000000,20,4,3281.06875000,1.64607518,0.03192702,0.60897514,0.01140251,0.00228050
2025-10,AI外呼,True,0.00000000,92,1,1,1380.00000000,1380.00000000,1380.00000000,0.00000000,0,0,0.00000000,0.00000000,0.01086957,,0.00000000,0.00000000
2025-10,CX老师-SY-其他异业,True,0.00000000,1,0,0,3.90000000,0.00000000,0.00000000,0.00000000,0,0,,,0.00000000,,0.00000000,0.00000000
2025-10,Facebook,True,0.00000000,1,0,0,0.00000000,0.00000000,0.00000000,0.00000000,0,0,,,0.00000000,,0.00000000,0.00000000
2025-10,GDT,True,9043260.20000000,46424,2563,2563,5377913.34000000,5293032.70000000,5241659.84000000,51372.86000000,3137,60,3528.38868513,1.72526651,0.05520851,0.59468745,0.06757281,0.00129243
2025-10,HW-聚力,True,1673.72000000,24,1,1,904.00000000,880.00000000,880.00000000,0.00000000,2,0,1673.72000000,1.90195455,0.04166667,0.54011424,0.08333333,0.00000000
2025-10,IPTV-DS-其他异业,True,0.00000000,1,0,0,0.00000000,0.00000000,0.00000000,0.00000000,0,0,,,0.00000000,,0.00000000,0.00000000
2025-10,LZF老师-SY-其他异业,True,3197.91000000,90,2,2,4760.00000000,4760.00000000,4760.00000000,0.00000000,0,0,1598.95500000,0.67182983,0.02222222,1.48847216,0.00000000,0.00000000
2025-10,PQ-P-垂直应用,True,1381207.50000000,94739,693,693,1264165.41000000,1279569.00000000,1263835.41000000,15733.59000000,11263,863,1993.08441558,1.09286976,0.00731483,0.91526104,0.11888451,0.00910924
2025-10,PQ卡锐-P-垂直应用,True,51842.29000000,2583,20,20,34800.00000000,34800.00000000,34800.00000000,0.00000000,11,1,2592.11450000,1.48972098,0.00774293,0.67126664,0.00425861,0.00038715
2025-10,PQ快鸟-P-垂直应用,True,1367.47000000,67,1,1,2180.00000000,2180.00000000,2180.00000000,0.00000000,0,0,1367.47000000,0.62727982,0.01492537,1.59418488,0.00000000,0.00000000
2025-10,PQ龙特星-P-垂直应用,True,322667.04000000,20124,152,152,277541.00000000,279421.00000000,277541.00000000,1880.00000000,47,2,2122.80947368,1.16259234,0.00755317,0.86014673,0.00233552,0.00009938
2025-10,WB-武汉优嘉,True,80351.61000000,323,16,16,38101.00000000,37780.00000000,37780.00000000,0.00000000,3,0,5021.97562500,2.12682927,0.04953560,0.47417843,0.00928793,0.00000000
2025-10,XM-亚德,True,46998.04000000,709,9,9,20920.00000000,20920.00000000,20920.00000000,0.00000000,17,0,5222.00444444,2.24656023,0.01269394,0.44512495,0.02397743,0.00000000
2025-10,ip视频号,True,0.00000000,45,0,0,0.00000000,0.00000000,0.00000000,0.00000000,3,0,,,0.00000000,,0.06666667,0.00000000
2025-10,qdcs,True,0.00000000,1,0,0,0.00000000,0.00000000,0.00000000,0.00000000,0,0,,,0.00000000,,0.00000000,0.00000000
2025-10,vivo,True,17843.64000000,180,3,3,4511.00000000,4340.00000000,4340.00000000,0.00000000,11,4,5947.88000000,4.11143779,0.01666667,0.25280716,0.06111111,0.02222222
2025-10,一路向前-G-公众号,True,6499.81000000,84,1,1,2392.10000000,2380.00000000,2380.00000000,0.00000000,0,0,6499.81000000,2.73101261,0.01190476,0.36802614,0.00000000,0.00000000
2025-10,三金手机摄影教学-sp-短直视频,True,42773.60000000,508,28,28,49840.00000000,49840.00000000,49840.00000000,0.00000000,13,1,1527.62857143,0.85821830,0.05511811,1.16520471,0.02559055,0.00196850
2025-10,上海势居-DX-短信TMK,True,0.00000000,2,0,0,0.00000000,0.00000000,0.00000000,0.00000000,0,0,,,0.00000000,,0.00000000,0.00000000
2025-10,上海新榜-G-公众号,True,695.01000000,18,0,0,0.00000000,0.00000000,0.00000000,0.00000000,0,0,,,0.00000000,0.00000000,0.00000000,0.00000000
2025-10,东升-摄影粉-DY-直播,True,97509.35000000,1618,50,50,99973.00000000,99973.00000000,99973.00000000,0.00000000,1,0,1950.18700000,0.97535685,0.03090235,1.02526578,0.00061805,0.00000000
2025-10,东升-直播粉-DY-短直视频,True,0.00000000,2,0,0,0.00000000,0.00000000,0.00000000,0.00000000,0,0,,,0.00000000,,0.00000000,0.00000000
2025-10,东莞聚力-APP-垂直应用,True,33158.29000000,230,10,10,18080.00000000,16700.00000000,16700.00000000,0.00000000,0,0,3315.82900000,1.98552635,0.04347826,0.54526334,0.00000000,0.00000000
2025-10,乐推YK-APP-垂直应用,True,5521.15000000,44,1,1,2444.00000000,2180.00000000,2180.00000000,0.00000000,0,0,5521.15000000,2.53263761,0.02272727,0.44266140,0.00000000,0.00000000
2025-10,云南讯海科技有限公司,True,0.00000000,5,0,0,5.00000000,0.00000000,0.00000000,0.00000000,0,0,,,0.00000000,,0.00000000,0.00000000
2025-10,互动吧-G-公众号,True,13888.61000000,298,12,12,29245.80000000,28924.00000000,28924.00000000,0.00000000,0,0,1157.38416667,0.48017598,0.04026846,2.10573988,0.00000000,0.00000000
2025-10,互选平台-G-公众号,True,1155.06000000,16,1,1,2695.40000000,2680.00000000,2680.00000000,0.00000000,0,0,1155.06000000,0.43099254,0.06250000,2.33355843,0.00000000,0.00000000
2025-10,今日头条,True,6806131.49000000,45977,2409,2409,4655846.55000000,4492939.40000000,4448332.83000000,44606.57000000,5173,507,2825.29327107,1.53004097,0.05239576,0.68406650,0.11251278,0.01102725
2025-10,优量汇,True,4823928.58000000,25756,1334,1334,2990663.17000000,2770920.85000000,2748052.47000000,22868.38000000,580,30,3616.13836582,1.75539901,0.05179376,0.61996423,0.02251902,0.00116478
2025-10,公众号,True,1741033.45000000,10535,633,633,1210948.63000000,1208727.00000000,1194936.62000000,13790.38000000,1855,47,2750.44778831,1.45700903,0.06008543,0.69553439,0.17607973,0.00446132
2025-10,凌凌3-H-小红书,True,0.00000000,1,0,0,0.00000000,0.00000000,0.00000000,0.00000000,0,0,,,0.00000000,,0.00000000,0.00000000
2025-10,剧Y-G-公众号,True,2770.66000000,44,2,2,3023.60000000,2979.00000000,2979.00000000,0.00000000,0,0,1385.33000000,0.93006378,0.04545455,1.09129233,0.00000000,0.00000000
2025-10,北海-摄影粉-DY-直播,True,489675.34000000,10279,217,217,441756.60000000,443817.00000000,441756.20000000,2060.80000000,23,1,2256.56838710,1.10847418,0.02111100,0.90214182,0.00223757,0.00009729
2025-10,北海-直播粉-新-DY-短直视频,True,0.00000000,4,0,0,0.10000000,0.00000000,0.00000000,0.00000000,0,0,,,0.00000000,,0.00000000,0.00000000
2025-10,千川直播,True,333155.31000000,1515,44,44,83144.00000000,83144.00000000,83144.00000000,0.00000000,236,14,7571.71159091,4.00696755,0.02904290,0.24956529,0.15577558,0.00924092
2025-10,千川直播-获客,True,3370.97000000,20,1,1,1380.00000000,1380.00000000,1380.00000000,0.00000000,0,0,3370.97000000,2.44273188,0.05000000,0.40937772,0.00000000,0.00000000
2025-10,华一堂-SP-短直视频,True,0.00000000,2,0,0,0.00000000,0.00000000,0.00000000,0.00000000,0,0,,,0.00000000,,0.00000000,0.00000000
2025-10,华为-东莞聚力,True,3913.49000000,23,4,4,6123.00000000,6120.00000000,6120.00000000,0.00000000,3,0,978.37250000,0.63945915,0.17391304,1.56458813,0.13043478,0.00000000
2025-10,华为亚德,True,477884.81000000,5482,195,195,364505.24000000,366998.00000000,362933.84000000,4064.16000000,286,94,2450.69133333,1.31672707,0.03557096,0.76274707,0.05217074,0.01714703
2025-10,南昌微动-G-公众号,True,153586.54000000,1265,62,62,122776.50000000,124805.20000000,122504.80000000,2300.40000000,115,5,2477.20225806,1.25371855,0.04901186,0.79939622,0.09090909,0.00395257
2025-10,南昌星越-G-公众号,True,194956.11000000,1897,60,60,129299.80000000,130038.00000000,129038.00000000,1000.00000000,133,2,3249.26850000,1.51084262,0.03162889,0.66322517,0.07011070,0.00105430
2025-10,南昌高森-G-公众号,True,15053.26000000,121,5,5,8985.00000000,8919.00000000,8919.00000000,0.00000000,7,0,3010.65200000,1.68777441,0.04132231,0.59688068,0.05785124,0.00000000
2025-10,南昌高森-G-视频号,True,49381.58000000,1017,8,8,15920.00000000,15640.00000000,15640.00000000,0.00000000,17,1,6172.69750000,3.15739003,0.00786627,0.32238742,0.01671583,0.00098328
2025-10,厦门青瓜-H-小红书,True,0.00000000,3,0,0,3.00000000,0.00000000,0.00000000,0.00000000,0,0,,,0.00000000,,0.00000000,0.00000000
2025-10,合肥哲礼-G-公众号,True,29600.95000000,260,13,13,27963.10000000,27940.00000000,27940.00000000,0.00000000,42,5,2276.99615385,1.05944703,0.05000000,0.94466901,0.16153846,0.01923077
2025-10,合肥哲礼-G-视频号,True,9619.29000000,131,5,5,7529.15000000,7529.15000000,7529.15000000,0.00000000,1,1,1923.85800000,1.27760637,0.03816794,0.78271369,0.00763359,0.00763359
2025-10,合肥大石榴-G-公众号,True,1199.97000000,9,2,2,5369.90000000,5360.00000000,5360.00000000,0.00000000,0,0,599.98500000,0.22387500,0.22222222,4.47502854,0.00000000,0.00000000
2025-10,品牌活动,True,0.00000000,1,0,0,0.00000000,0.00000000,0.00000000,0.00000000,0,0,,,0.00000000,,0.00000000,0.00000000
2025-10,喜马拉雅,True,95871.72000000,998,48,48,96168.00000000,96168.00000000,96168.00000000,0.00000000,28,5,1997.32750000,0.99691914,0.04809619,1.00309038,0.02805611,0.00501002
2025-10,喜鹊-XCX-垂直应用,True,161150.28000000,10963,55,55,96049.00000000,96049.00000000,96049.00000000,0.00000000,20,1,2930.00509091,1.67779238,0.00501687,0.59602130,0.00182432,0.00009122
2025-10,增量组,True,0.00000000,4,0,0,0.00000000,0.00000000,0.00000000,0.00000000,0,0,,,0.00000000,,0.00000000,0.00000000
2025-10,太极音箱-包裹卡,True,1952.59000000,8,0,0,0.00000000,0.00000000,0.00000000,0.00000000,0,0,,,0.00000000,0.00000000,0.00000000,0.00000000
2025-10,存量MVP,True,860.46000000,132,0,0,0.01000000,0.00000000,0.00000000,0.00000000,0,0,,,0.00000000,0.00001162,0.00000000,0.00000000
2025-10,安徽煜旻-G-公众号,True,192333.54000000,1807,70,70,133199.25000000,134909.15000000,133044.15000000,1865.00000000,381,26,2747.62200000,1.44563696,0.03873824,0.69254302,0.21084671,0.01438849
2025-10,安徽煜旻-G-视频号,True,28958.55000000,911,21,21,46608.00000000,46280.00000000,46280.00000000,0.00000000,52,0,1378.97857143,0.62572494,0.02305159,1.60947285,0.05708013,0.00000000
2025-10,安徽煦展-G-公众号,True,0.00000000,1,1,1,2681.10000000,2680.00000000,2680.00000000,0.00000000,0,0,0.00000000,0.00000000,1.00000000,,0.00000000,0.00000000
2025-10,安阳-AY-公众号,True,13403.94000000,279,0,0,0.00000000,0.00000000,0.00000000,0.00000000,0,0,,,0.00000000,0.00000000,0.00000000,0.00000000
2025-10,安阳顺弘-G-公众号,True,1200.06000000,9,0,0,0.00000000,0.00000000,0.00000000,0.00000000,0,0,,,0.00000000,0.00000000,0.00000000,0.00000000
2025-10,寒冰-sp-短直视频,True,0.00000000,1,0,0,0.00000000,0.00000000,0.00000000,0.00000000,0,0,,,0.00000000,,0.00000000,0.00000000
2025-10,小徐老师手机摄影-摄影粉-DY-直播,True,29364.21000000,953,15,15,29582.00000000,29582.00000000,29582.00000000,0.00000000,0,0,1957.61400000,0.99263775,0.01573977,1.00741685,0.00000000,0.00000000
2025-10,小程序,True,3155104.99000000,14785,1066,1066,2116627.91000000,2010899.25000000,1991681.19000000,19218.06000000,3238,123,2959.76077861,1.58414158,0.07210010,0.67085815,0.21900575,0.00831924
2025-10,小红书,True,5606912.92000000,30079,1639,1639,3549713.24000000,3574119.00000000,3537070.24000000,37048.76000000,229,23,3420.93527761,1.58518563,0.05448984,0.63309584,0.00761329,0.00076465
2025-10,小红书国外,True,58973.43000000,300,10,10,19281.00000000,19281.00000000,19281.00000000,0.00000000,2,1,5897.34300000,3.05862922,0.03333333,0.32694385,0.00666667,0.00333333
2025-10,小红书直播,True,0.00000000,6,0,0,0.00000000,0.00000000,0.00000000,0.00000000,1,0,,,0.00000000,,0.16666667,0.00000000
2025-10,广州开域-G-视频号,True,5249.86000000,55,0,0,4.00000000,0.00000000,0.00000000,0.00000000,5,0,,,0.00000000,0.00076193,0.09090909,0.00000000
2025-10,弹码,True,0.00000000,6,0,0,0.00000000,0.00000000,0.00000000,0.00000000,3,0,,,0.00000000,,0.50000000,0.00000000
2025-10,当红文化-SP-短直视频,True,0.00000000,10,0,0,0.00000000,0.00000000,0.00000000,0.00000000,0,0,,,0.00000000,,0.00000000,0.00000000
2025-10,微信,True,8329074.71000000,41422,2915,2915,5837041.62000000,5738588.00000000,5672645.10000000,65942.90000000,4917,143,2857.31550943,1.46828764,0.07037323,0.70080313,0.11870504,0.00345227
2025-10,微博,True,240819.99000000,1706,61,61,134431.00000000,132785.00000000,132785.00000000,0.00000000,39,3,3947.86868852,1.81360839,0.03575615,0.55822193,0.02286049,0.00175850
2025-10,快手,True,1667435.81000000,16611,661,661,1236353.07000000,1184357.30000000,1173374.06000000,10983.24000000,2546,237,2522.59577912,1.42106074,0.03979291,0.74146966,0.15327193,0.01426765
2025-10,快手直播,True,96939.96000000,829,12,12,23925.60000000,22779.00000000,22779.00000000,0.00000000,78,20,8078.33000000,4.25567233,0.01447527,0.24680844,0.09408926,0.02412545
2025-10,快手私信,True,35507.35000000,215,4,4,7358.50000000,6520.00000000,6520.00000000,0.00000000,0,0,8876.83750000,5.44591258,0.01860465,0.20723878,0.00000000,0.00000000
2025-10,抖音,True,21103512.14000000,146479,7660,7660,15529228.96000000,15074581.50000000,14856486.15000000,218095.35000000,7817,620,2755.02769452,1.42049149,0.05229419,0.73585993,0.05336601,0.00423269
2025-10,抖音-免费,True,0.00000000,19,0,0,0.00000000,0.00000000,0.00000000,0.00000000,1,1,,,0.00000000,,0.05263158,0.05263158
2025-10,抖音品专,True,0.00000000,33,2,2,4563.20000000,4560.00000000,4560.00000000,0.00000000,1,0,0.00000000,0.00000000,0.06060606,,0.03030303,0.00000000
2025-10,抖音品牌,True,66791.42000000,405,24,24,44682.00000000,43782.00000000,42282.00000000,1500.00000000,5,1,2782.97583333,1.57966558,0.05925926,0.66897814,0.01234568,0.00246914
2025-10,抖音星图轻运动-DY-短直视频,True,99686.96000000,4825,34,34,65783.00000000,65783.00000000,65783.00000000,0.00000000,594,65,2931.96941176,1.51539091,0.00704663,0.65989574,0.12310881,0.01347150
2025-10,抖音星图达人-DY-短直视频,True,0.00000000,1,0,0,0.00000000,0.00000000,0.00000000,0.00000000,0,0,,,0.00000000,,0.00000000,0.00000000
2025-10,抖音直播,True,69638.80000000,328,9,9,14791.00000000,14328.00000000,14328.00000000,0.00000000,88,2,7737.64444444,4.86032942,0.02743902,0.21239596,0.26829268,0.00609756
2025-10,抖音联合,True,12984.96000000,53,6,6,9817.00000000,9499.00000000,9499.00000000,0.00000000,5,3,2164.16000000,1.36698179,0.11320755,0.75602851,0.09433962,0.05660377
2025-10,抖音购物车,True,684351.71000000,4111,260,260,532409.90000000,507800.00000000,507800.00000000,0.00000000,50,19,2632.12196154,1.34767962,0.06324495,0.77797701,0.01216249,0.00462175
2025-10,拉伸书,True,13.98000000,1,0,0,0.00000000,0.00000000,0.00000000,0.00000000,1,0,,,0.00000000,0.00000000,1.00000000,0.00000000
2025-10,搜一搜,True,0.00000000,1,0,0,12.58000000,0.00000000,0.00000000,0.00000000,1,1,,,0.00000000,,1.00000000,1.00000000
2025-10,摄影存量,True,3025.02000000,524,9,9,12913.10000000,12908.00000000,12908.00000000,0.00000000,1,0,336.11333333,0.23435234,0.01717557,4.26876517,0.00190840,0.00000000
2025-10,摄影师路白-DY-短直视频,True,14599.26000000,460,10,10,20580.00000000,19900.00000000,19900.00000000,0.00000000,37,6,1459.92600000,0.73363116,0.02173913,1.40966049,0.08043478,0.01304348
2025-10,摄影读书会-XX-其他异业,True,0.00000000,3,0,0,0.00000000,0.00000000,0.00000000,0.00000000,0,0,,,0.00000000,,0.00000000,0.00000000
2025-10,敬泽摄影师-DY-短直视频,True,11641.32000000,108,8,8,14240.00000000,14240.00000000,14240.00000000,0.00000000,38,3,1455.16500000,0.81750843,0.07407407,1.22322898,0.35185185,0.02777778
2025-10,方德教育-摄影粉-DY-直播,True,90143.84000000,1264,43,43,84304.00000000,84304.00000000,84304.00000000,0.00000000,0,0,2096.36837209,1.06927121,0.03401899,0.93521643,0.00000000,0.00000000
2025-10,易学-dy-短直视频,True,0.00000000,1,0,0,0.00000000,0.00000000,0.00000000,0.00000000,0,0,,,0.00000000,,0.00000000,0.00000000
2025-10,晓峰老师教音乐-sp-短直视频,True,0.00000000,3,0,0,0.00000000,0.00000000,0.00000000,0.00000000,0,0,,,0.00000000,,0.00000000,0.00000000
2025-10,晖正浩原-G-公众号,True,142842.03000000,1958,91,91,179823.60000000,179751.00000000,179751.00000000,0.00000000,214,4,1569.69263736,0.79466612,0.04647600,1.25889838,0.10929520,0.00204290
2025-10,晖正浩原-G-小红书,True,2500.00000000,2,0,0,0.00000000,0.00000000,0.00000000,0.00000000,0,0,,,0.00000000,0.00000000,0.00000000,0.00000000
2025-10,未来时代-G-公众号,True,123305.02000000,1283,43,43,78483.00000000,78483.00000000,78483.00000000,0.00000000,179,8,2867.55860465,1.57110483,0.03351520,0.63649477,0.13951676,0.00623539
2025-10,本本图书-TS-其他异业,True,0.00000000,2,0,0,0.00000000,0.00000000,0.00000000,0.00000000,0,0,,,0.00000000,,0.00000000,0.00000000
2025-10,杭州乐潼-G-公众号,True,4600.08000000,36,0,0,0.00000000,0.00000000,0.00000000,0.00000000,3,1,,,0.00000000,0.00000000,0.08333333,0.02777778
2025-10,杭州垂牛-G-公众号,True,21301.04000000,195,7,7,18309.60000000,18160.00000000,18160.00000000,0.00000000,9,1,3043.00571429,1.17296476,0.03589744,0.85956366,0.04615385,0.00512821
2025-10,杭州真量-APP-垂直应用,True,24099.12000000,160,11,11,21440.00000000,20480.00000000,20480.00000000,0.00000000,0,0,2190.82909091,1.17671484,0.06875000,0.88965904,0.00000000,0.00000000
2025-10,柚子唱谱-dy-短直视频,True,0.00000000,1,0,0,0.00000000,0.00000000,0.00000000,0.00000000,0,0,,,0.00000000,,0.00000000,0.00000000
2025-10,欣姐食养记-SY-小绿书,True,0.00000000,1,0,0,0.00000000,0.00000000,0.00000000,0.00000000,0,0,,,0.00000000,,0.00000000,0.00000000
2025-10,歌手刘浩宇-DY-短直视频,True,1911.00000000,52,0,0,0.00000000,0.00000000,0.00000000,0.00000000,0,0,,,0.00000000,0.00000000,0.00000000,0.00000000
2025-10,武汉新视点-SP-短直视频,True,0.00000000,3,0,0,0.00000000,0.00000000,0.00000000,0.00000000,0,0,,,0.00000000,,0.00000000,0.00000000
2025-10,江西乐达-G-公众号,True,394368.50000000,3430,117,117,230089.85000000,231775.20000000,229579.45000000,2195.75000000,315,12,3370.67094017,1.71778659,0.03411079,0.58343871,0.09183673,0.00349854
2025-10,河北灵创-G-公众号,True,36536.50000000,283,8,8,17681.70000000,17629.00000000,17629.00000000,0.00000000,19,2,4567.06250000,2.07252255,0.02826855,0.48394619,0.06713781,0.00706714
2025-10,河北灵创-G-视频号,True,72740.69000000,1106,21,21,46798.00000000,46629.00000000,46629.00000000,0.00000000,36,1,3463.84238095,1.55998820,0.01898734,0.64335381,0.03254973,0.00090416
2025-10,河北灵创-视频-G-公众号,True,0.00000000,1,0,0,0.00000000,0.00000000,0.00000000,0.00000000,0,0,,,0.00000000,,0.00000000,0.00000000
2025-10,泛粉1v1,True,0.00000000,19,0,0,0.00000000,0.00000000,0.00000000,0.00000000,3,1,,,0.00000000,,0.15789474,0.05263158
2025-10,海学吉米-G-公众号,True,4850.82000000,137,6,6,12918.40000000,12892.00000000,12892.00000000,0.00000000,7,0,808.47000000,0.37626590,0.04379562,2.66313737,0.05109489,0.00000000
2025-10,海波-H-小红书,True,0.00000000,3,1,1,2380.00000000,2380.00000000,2380.00000000,0.00000000,0,0,0.00000000,0.00000000,0.33333333,,0.00000000,0.00000000
2025-10,海波-SP-短直视频,True,14096.01000000,705,9,9,11686.33000000,12493.00000000,11686.33000000,806.67000000,5,2,1566.22333333,1.20619647,0.01276596,0.82905233,0.00709220,0.00283688
2025-10,深圳巨牛-H-小红书,True,0.00000000,1,0,0,0.00000000,0.00000000,0.00000000,0.00000000,0,0,,,0.00000000,,0.00000000,0.00000000
2025-10,湖南唤醒空间-SY-其他异业,True,0.00000000,1,0,0,0.00000000,0.00000000,0.00000000,0.00000000,0,0,,,0.00000000,,0.00000000,0.00000000
2025-10,湖南易满-TS-其他异业,True,7568.64000000,324,4,4,9020.00000000,9020.00000000,9020.00000000,0.00000000,1,0,1892.16000000,0.83909534,0.01234568,1.19175968,0.00308642,0.00000000
2025-10,湖南浩娱-DY-短直视频,True,52919.50000000,2918,11,11,18780.00000000,18780.00000000,18780.00000000,0.00000000,1,0,4810.86363636,2.81786475,0.00376971,0.35487864,0.00034270,0.00000000
2025-10,湖南璟川科技有限公司-私域CPA,True,0.00000000,1,0,0,0.00000000,0.00000000,0.00000000,0.00000000,0,0,,,0.00000000,,0.00000000,0.00000000
2025-10,灵犀互动-H-小红书,True,0.00000000,1,0,0,1.00000000,0.00000000,0.00000000,0.00000000,0,0,,,0.00000000,,0.00000000,0.00000000
2025-10,热门好课,True,0.00000000,2059,82,82,158654.62000000,159448.00000000,158641.33000000,806.67000000,27,4,0.00000000,0.00000000,0.03982516,,0.01311316,0.00194269
2025-10,燃乐-SP-短直视频,True,11055.03000000,82,16,16,16580.00000000,16580.00000000,16580.00000000,0.00000000,0,0,690.93937500,0.66676900,0.19512195,1.49976979,0.00000000,0.00000000
2025-10,爱奇艺,True,72473.92000000,786,18,18,33965.00000000,33965.00000000,33965.00000000,0.00000000,14,6,4026.32888889,2.13378242,0.02290076,0.46865134,0.01781170,0.00763359
2025-10,爱奇艺-杭州亦立,True,22743.89000000,253,0,0,0.00000000,0.00000000,0.00000000,0.00000000,5,2,,,0.00000000,0.00000000,0.01976285,0.00790514
2025-10,王溪老师-SY-其他异业,True,0.00000000,3,0,0,0.00000000,0.00000000,0.00000000,0.00000000,0,0,,,0.00000000,,0.00000000,0.00000000
2025-10,琦亿-太极粉-DY-短直视频,True,0.00000000,259,0,0,0.00000000,0.00000000,0.00000000,0.00000000,3,1,,,0.00000000,,0.01158301,0.00386100
2025-10,瑜伽书,True,67.79000000,6,0,0,0.00000000,0.00000000,0.00000000,0.00000000,0,0,,,0.00000000,0.00000000,0.00000000,0.00000000
2025-10,瑞得-DSP-短视频,True,0.00000000,4,0,0,12.20000000,0.00000000,0.00000000,0.00000000,0,0,,,0.00000000,,0.00000000,0.00000000
2025-10,电商品5,True,35.23000000,3,0,0,0.00000000,0.00000000,0.00000000,0.00000000,2,0,,,0.00000000,0.00000000,0.66666667,0.00000000
2025-10,电商品6,True,14894.65000000,109,6,6,6191.60000000,7452.00000000,6191.60000000,1260.40000000,3,0,2482.44166667,2.40562213,0.05504587,0.41569288,0.02752294,0.00000000
2025-10,电商瑜伽1,True,271.64000000,21,0,0,1.00000000,0.00000000,0.00000000,0.00000000,20,20,,,0.00000000,0.00368134,0.95238095,0.95238095
2025-10,电商瑜伽1-包裹卡,True,1120.62000000,85,4,4,7168.00000000,7168.00000000,7168.00000000,0.00000000,33,18,280.15500000,0.15633650,0.04705882,6.39645910,0.38823529,0.21176471
2025-10,电商瑜伽1-直播,True,66.63000000,6,0,0,0.00000000,0.00000000,0.00000000,0.00000000,1,0,,,0.00000000,0.00000000,0.16666667,0.00000000
2025-10,百度,True,6677216.27000000,43738,2462,2462,4925118.08000000,4929232.11000000,4845951.25000000,83280.86000000,1730,52,2712.11058895,1.37789588,0.05628973,0.73760050,0.03955371,0.00118890
2025-10,百度电商,True,0.00000000,1,0,0,0.00000000,0.00000000,0.00000000,0.00000000,0,0,,,0.00000000,,0.00000000,0.00000000
2025-10,百度直播,True,131742.55000000,1075,46,46,87105.00000000,87655.00000000,87105.00000000,550.00000000,3,0,2863.96847826,1.51245681,0.04279070,0.66117591,0.00279070,0.00000000
2025-10,真祺-sp-短直视频,True,55261.67000000,563,34,34,70250.00000000,70250.00000000,70250.00000000,0.00000000,24,14,1625.34323529,0.78664299,0.06039076,1.27122470,0.04262877,0.02486679
2025-10,知乎,True,0.00000000,2,0,0,2.10000000,0.00000000,0.00000000,0.00000000,0,0,,,0.00000000,,0.00000000,0.00000000
2025-10,短信,True,0.00000000,16,0,0,1.00000000,0.00000000,0.00000000,0.00000000,0,0,,,0.00000000,,0.00000000,0.00000000
2025-10,私域-腾讯加粉,True,0.00000000,114,0,0,0.00000000,0.00000000,0.00000000,0.00000000,10,5,,,0.00000000,,0.08771930,0.04385965
2025-10,穿山甲,True,196638.92000000,1336,74,74,155037.00000000,151493.00000000,151493.00000000,0.00000000,12,2,2657.28270270,1.29800664,0.05538922,0.78843496,0.00898204,0.00149701
2025-10,美丽课堂-SP-短直视频,True,11643.90000000,111,6,6,12347.00000000,12347.00000000,12347.00000000,0.00000000,3,1,1940.65000000,0.94305499,0.05405405,1.06038355,0.02702703,0.00900901
2025-10,联合微信,True,0.00000000,2,0,0,12.00000000,0.00000000,0.00000000,0.00000000,0,0,,,0.00000000,,0.00000000,0.00000000
2025-10,联合百度,True,465913.09000000,3152,141,141,273605.03000000,276124.00000000,269375.03000000,6748.97000000,54,2,3304.34815603,1.72960757,0.04473350,0.58724478,0.01713198,0.00063452
2025-10,联合视频号,True,10511.38000000,48,5,5,11236.00000000,10948.00000000,10948.00000000,0.00000000,6,1,2102.27600000,0.96011874,0.10416667,1.06893671,0.12500000,0.02083333
2025-10,萍乡蓝江-G-视频号,True,0.00000000,2,0,0,0.00000000,0.00000000,0.00000000,0.00000000,0,0,,,0.00000000,,0.00000000,0.00000000
2025-10,董文立老师-DY-短直视频,True,43928.54000000,222,11,11,26180.00000000,26180.00000000,26180.00000000,0.00000000,3,0,3993.50363636,1.67794270,0.04954955,0.59596791,0.01351351,0.00000000
2025-10,葱姜蒜-sy-其他异业,True,0.00000000,1,0,0,0.00000000,0.00000000,0.00000000,0.00000000,0,0,,,0.00000000,,0.00000000,0.00000000
2025-10,蒲公英-H-小红书,True,10023.20000000,1,0,0,0.00000000,0.00000000,0.00000000,0.00000000,0,0,,,0.00000000,0.00000000,0.00000000,0.00000000
2025-10,视频号,True,25065641.06000000,137188,7956,7956,16683529.05000000,16131497.35000000,15960258.87000000,171238.48000000,15335,745,3150.53306435,1.57050342,0.05799341,0.66559355,0.11178091,0.00543050
2025-10,视频号直播,True,605024.55000000,4466,183,183,332305.80000000,337199.00000000,332305.80000000,4893.20000000,1462,79,3306.14508197,1.82068610,0.04097627,0.54924350,0.32736229,0.01768921
2025-10,视频号私信,True,7401.58000000,206,0,0,0.00000000,0.00000000,0.00000000,0.00000000,0,0,,,0.00000000,0.00000000,0.00000000,0.00000000
2025-10,重庆唱歌直播机构达人-DY-短直视频,True,0.00000000,47,1,1,1880.00000000,1880.00000000,1880.00000000,0.00000000,0,0,0.00000000,0.00000000,0.02127660,,0.00000000,0.00000000
2025-10,钟雷老师音乐课堂-DY-短直视频,True,0.00000000,5,0,0,0.00000000,0.00000000,0.00000000,0.00000000,0,0,,,0.00000000,,0.00000000,0.00000000
2025-10,锦囊互动-DX-短信TMK,True,0.00000000,5,0,0,0.00000000,0.00000000,0.00000000,0.00000000,0,0,,,0.00000000,,0.00000000,0.00000000
2025-10,长沙昕娱-DY-短直视频,True,0.00000000,4,0,0,0.00000000,0.00000000,0.00000000,0.00000000,0,0,,,0.00000000,,0.00000000,0.00000000
2025-10,长沙瑷珲-DY-短直视频,True,0.00000000,3,0,0,0.00000000,0.00000000,0.00000000,0.00000000,0,0,,,0.00000000,,0.00000000,0.00000000
2025-10,长沙瑷珲-SP-短直视频,True,0.00000000,74,0,0,0.00000000,0.00000000,0.00000000,0.00000000,0,0,,,0.00000000,,0.00000000,0.00000000
2025-10,魏W老师-DY-短直视频,True,0.00000000,2,0,0,2.00000000,0.00000000,0.00000000,0.00000000,0,0,,,0.00000000,,0.00000000,0.00000000
2025-10,鹿邑-摄影粉-DY-直播,True,228818.57000000,5611,107,107,212042.20000000,212042.00000000,212042.00000000,0.00000000,15,2,2138.49130841,1.07911909,0.01906968,0.92668266,0.00267332,0.00035644
2025-10,麟郁百货-SY-私域社群,True,0.00000000,12,2,2,4360.00000000,4360.00000000,4360.00000000,0.00000000,0,0,0.00000000,0.00000000,0.16666667,,0.00000000,0.00000000
2025-10,龙际-SP-短直视频,True,0.00000000,11,0,0,0.00000000,0.00000000,0.00000000,0.00000000,0,0,,,0.00000000,,0.00000000,0.00000000
2025-11,-,False,0.00000000,1,0,0,0.00000000,0.00000000,0.00000000,0.00000000,1,1,,,0.00000000,,1.00000000,1.00000000
2025-11,360,False,158556.56000000,1755,45,45,85088.43000000,85614.00000000,84999.43000000,614.57000000,10,1,3523.47911111,1.86538380,0.02564103,0.53664402,0.00569801,0.00056980
2025-11,GDT,False,3200348.65000000,17024,889,889,1907216.70000000,1874420.00000000,1861044.40000000,13375.60000000,1664,76,3599.94223847,1.71965196,0.05222039,0.59594029,0.09774436,0.00446429
2025-11,HW-聚力,False,249.49000000,3,0,0,3.00000000,0.00000000,0.00000000,0.00000000,0,0,,,0.00000000,0.01202453,0.00000000,0.00000000
2025-11,IPTV-DS-其他异业,False,0.00000000,2,0,0,0.00000000,0.00000000,0.00000000,0.00000000,0,0,,,0.00000000,,0.00000000,0.00000000
2025-11,LZF老师-SY-其他异业,False,2379.98000000,14,2,2,4760.00000000,4760.00000000,4760.00000000,0.00000000,0,0,1189.99000000,0.49999580,0.14285714,2.00001681,0.00000000,0.00000000
2025-11,NG快鸟-XCX-垂直应用,False,5817.44000000,824,0,0,0.00000000,0.00000000,0.00000000,0.00000000,139,5,,,0.00000000,0.00000000,0.16868932,0.00606796
2025-11,PQ-P-垂直应用,False,618788.14000000,37367,279,279,517709.99000000,523811.00000000,517670.99000000,6140.01000000,4920,384,2217.87863799,1.19533092,0.00746648,0.83665144,0.13166698,0.01027645
2025-11,PQ卡锐-P-垂直应用,False,4568.54000000,194,0,0,0.00000000,0.00000000,0.00000000,0.00000000,0,0,,,0.00000000,0.00000000,0.00000000,0.00000000
2025-11,PQ快鸟-P-垂直应用,False,27043.32000000,1332,7,7,13583.08000000,15260.00000000,13583.08000000,1676.92000000,1,0,3863.33142857,1.99095640,0.00525526,0.50227117,0.00075075,0.00000000
2025-11,PQ龙特星-P-垂直应用,False,98045.32000000,5510,25,25,47400.00000000,47400.00000000,47400.00000000,0.00000000,14,0,3921.81280000,2.06846667,0.00453721,0.48344990,0.00254083,0.00000000
2025-11,WB-武汉优嘉,False,42090.57000000,177,2,2,3737.00000000,3560.00000000,3560.00000000,0.00000000,1,1,21045.28500000,11.82319382,0.01129944,0.08878473,0.00564972,0.00564972
2025-11,XM-亚德,False,32389.99000000,388,11,11,26280.00000000,26280.00000000,26280.00000000,0.00000000,12,1,2944.54454545,1.23249581,0.02835052,0.81136178,0.03092784,0.00257732
2025-11,ip视频号,False,0.00000000,7,0,0,0.00000000,0.00000000,0.00000000,0.00000000,2,1,,,0.00000000,,0.28571429,0.14285714
2025-11,vivo,False,4692.81000000,71,3,3,6572.23000000,6540.00000000,6540.00000000,0.00000000,6,6,1564.27000000,0.71755505,0.04225352,1.40048926,0.08450704,0.08450704
2025-11,三金手机摄影教学-sp-短直视频,False,42660.76000000,412,21,21,43580.00000000,43580.00000000,43580.00000000,0.00000000,11,2,2031.46476190,0.97890684,0.05097087,1.02154767,0.02669903,0.00485437
2025-11,上海势居-DX-短信TMK,False,0.00000000,1,0,0,0.00000000,0.00000000,0.00000000,0.00000000,0,0,,,0.00000000,,0.00000000,0.00000000
2025-11,上海新榜-G-公众号,False,15734.59000000,204,0,0,0.00000000,0.00000000,0.00000000,0.00000000,0,0,,,0.00000000,0.00000000,0.00000000,0.00000000
2025-11,东升-sp-短直视频,False,6240.00000000,40,3,3,6440.00000000,6440.00000000,6440.00000000,0.00000000,4,1,2080.00000000,0.96894410,0.07500000,1.03205128,0.10000000,0.02500000
2025-11,东升-摄影粉-DY-直播,False,49415.82000000,808,27,27,47633.00000000,47633.00000000,47633.00000000,0.00000000,0,0,1830.21555556,1.03742825,0.03341584,0.96392208,0.00000000,0.00000000
2025-11,东莞聚力-APP-垂直应用,False,12534.38000000,77,2,2,3922.00000000,3460.00000000,3460.00000000,0.00000000,0,0,6267.19000000,3.62265318,0.02597403,0.31289940,0.00000000,0.00000000
2025-11,乐推YK-APP-垂直应用,False,3947.38000000,33,2,2,4558.00000000,4360.00000000,4360.00000000,0.00000000,0,0,1973.69000000,0.90536239,0.06060606,1.15468995,0.00000000,0.00000000
2025-11,互动吧-G-公众号,False,3453.08000000,93,3,3,6742.10000000,6640.00000000,6640.00000000,0.00000000,0,0,1151.02666667,0.52004217,0.03225806,1.95248879,0.00000000,0.00000000
2025-11,互选平台-G-公众号,False,0.00000000,2,0,0,0.00000000,0.00000000,0.00000000,0.00000000,0,0,,,0.00000000,,0.00000000,0.00000000
2025-11,今日头条,False,2955120.60000000,19867,1019,1019,1988474.44000000,1911617.15000000,1901043.22000000,10573.93000000,2926,348,2900.02021590,1.55447313,0.05129109,0.67289113,0.14727941,0.01751648
2025-11,今日头条-免费,False,0.00000000,1,0,0,0.00000000,0.00000000,0.00000000,0.00000000,1,1,,,0.00000000,,1.00000000,1.00000000
2025-11,优酷,False,5097.17000000,35,0,0,210.00000000,0.00000000,0.00000000,0.00000000,1,0,,,0.00000000,0.04119933,0.02857143,0.00000000
2025-11,优量汇,False,1369181.68000000,6755,321,321,734285.28000000,676067.00000000,671669.78000000,4397.22000000,107,14,4265.36348910,2.03847444,0.04752036,0.53629499,0.01584012,0.00207254
2025-11,保定恩木-SP-短直视频,False,0.00000000,1,0,0,0.00000000,0.00000000,0.00000000,0.00000000,0,0,,,0.00000000,,0.00000000,0.00000000
2025-11,公众号,False,912781.76000000,5435,285,285,547203.41000000,548219.00000000,538918.61000000,9300.39000000,1149,32,3202.74301754,1.69372841,0.05243790,0.59948986,0.21140754,0.00588776
2025-11,剧Y-G-公众号,False,45.00000000,1,0,0,1.10000000,0.00000000,0.00000000,0.00000000,0,0,,,0.00000000,0.02444444,0.00000000,0.00000000
2025-11,北海-摄影粉-DY-直播,False,156818.07000000,3654,80,80,156122.20000000,156122.00000000,156122.00000000,0.00000000,10,0,1960.22587500,1.00445850,0.02189381,0.99556256,0.00273673,0.00000000
2025-11,北海-直播粉-新-DY-短直视频,False,0.00000000,2,0,0,0.00000000,0.00000000,0.00000000,0.00000000,0,0,,,0.00000000,,0.00000000,0.00000000
2025-11,千川直播,False,136738.88000000,587,10,10,20417.60000000,22845.00000000,20417.60000000,2427.40000000,10,0,13673.88800000,6.69710838,0.01703578,0.14931817,0.01703578,0.00000000
2025-11,千川直播-获客,False,3528.77000000,86,2,2,3260.00000000,3260.00000000,3260.00000000,0.00000000,1,0,1764.38500000,1.08244479,0.02325581,0.92383465,0.01162791,0.00000000
2025-11,华为-东莞聚力,False,920.36000000,8,0,0,3.00000000,0.00000000,0.00000000,0.00000000,1,0,,,0.00000000,0.00325959,0.12500000,0.00000000
2025-11,华为亚德,False,347202.57000000,4017,144,144,284084.09000000,284875.00000000,283162.69000000,1712.31000000,231,66,2411.12895833,1.22615931,0.03584765,0.81820849,0.05750560,0.01643017
2025-11,南昌微动-G-公众号,False,16117.81000000,79,3,3,5143.30000000,5140.00000000,5140.00000000,0.00000000,1,0,5372.60333333,3.13576070,0.03797468,0.31910663,0.01265823,0.00000000
2025-11,南昌星越-G-公众号,False,141601.66000000,1517,59,59,121783.27000000,123412.00000000,121508.27000000,1903.73000000,124,5,2400.02813559,1.16536644,0.03889255,0.86004126,0.08174028,0.00329598
2025-11,南昌星越-G-视频号,False,800.00000000,1,0,0,1.00000000,0.00000000,0.00000000,0.00000000,0,0,,,0.00000000,0.00125000,0.00000000,0.00000000
2025-11,南昌高森-G-公众号,False,3147.55000000,27,0,0,7.70000000,0.00000000,0.00000000,0.00000000,1,0,,,0.00000000,0.00244635,0.03703704,0.00000000
2025-11,南昌高森-G-视频号,False,51276.29000000,538,11,11,22812.00000000,22399.00000000,22399.00000000,0.00000000,6,1,4661.48090909,2.28922229,0.02044610,0.44488398,0.01115242,0.00185874
2025-11,博睿-SY-其他异业,False,9799.50000000,150,0,0,0.00000000,0.00000000,0.00000000,0.00000000,2,2,,,0.00000000,0.00000000,0.01333333,0.01333333
2025-11,合肥哲礼-G-公众号,False,12500.51000000,101,3,3,5687.60000000,5659.00000000,5659.00000000,0.00000000,2,0,4166.83666667,2.20896095,0.02970297,0.45498944,0.01980198,0.00000000
2025-11,合肥哲礼-G-视频号,False,14279.89000000,157,7,7,12379.00000000,12379.00000000,12379.00000000,0.00000000,5,0,2039.98428571,1.15355764,0.04458599,0.86688343,0.03184713,0.00000000
2025-11,合肥大石榴-G-公众号,False,4100.10000000,25,0,0,15.40000000,0.00000000,0.00000000,0.00000000,1,0,,,0.00000000,0.00375601,0.04000000,0.00000000
2025-11,唱歌获客-DY-短直视频,False,32696.32000000,254,6,6,12180.00000000,12180.00000000,12180.00000000,0.00000000,23,0,5449.38666667,2.68442693,0.02362205,0.37251899,0.09055118,0.00000000
2025-11,喜马拉雅,False,42843.53000000,462,20,20,38497.00000000,38497.00000000,38497.00000000,0.00000000,11,2,2142.17650000,1.11290568,0.04329004,0.89854874,0.02380952,0.00432900
2025-11,喜鹊-XCX-垂直应用,False,4781.60000000,344,2,2,3760.00000000,3760.00000000,3760.00000000,0.00000000,1,0,2390.80000000,1.27170213,0.00581395,0.78634767,0.00290698,0.00000000
2025-11,天蝎奶奶-DSP-短视频,False,0.00000000,1,0,0,0.00000000,0.00000000,0.00000000,0.00000000,0,0,,,0.00000000,,0.00000000,0.00000000
2025-11,太极音箱-包裹卡,False,2756.94000000,16,0,0,0.00000000,0.00000000,0.00000000,0.00000000,0,0,,,0.00000000,0.00000000,0.00000000,0.00000000
2025-11,存量MVP,False,181.33000000,8,0,0,0.00000000,0.00000000,0.00000000,0.00000000,0,0,,,0.00000000,0.00000000,0.00000000,0.00000000
2025-11,安徽汇旻-G-公众号,False,1000.00000000,4,1,1,2380.00000000,2380.00000000,2380.00000000,0.00000000,0,0,1000.00000000,0.42016807,0.25000000,2.38000000,0.00000000,0.00000000
2025-11,安徽煜旻-G-公众号,False,108488.42000000,857,38,38,72683.63000000,73897.00000000,72648.43000000,1248.57000000,131,4,2854.95842105,1.49333468,0.04434072,0.66996671,0.15285881,0.00466744
2025-11,安徽煜旻-G-视频号,False,23055.17000000,216,5,5,12679.00000000,12500.00000000,12500.00000000,0.00000000,2,0,4611.03400000,1.84441360,0.02314815,0.54994173,0.00925926,0.00000000
2025-11,安徽煦展-G-公众号,False,0.00000000,1,0,0,1.10000000,0.00000000,0.00000000,0.00000000,0,0,,,0.00000000,,0.00000000,0.00000000
2025-11,安阳-AY-公众号,False,4998.54000000,79,1,1,2680.00000000,2680.00000000,2680.00000000,0.00000000,0,0,4998.54000000,1.86512687,0.01265823,0.53615656,0.00000000,0.00000000
2025-11,安阳顺弘-G-公众号,False,700.00000000,1,0,0,0.00000000,0.00000000,0.00000000,0.00000000,0,0,,,0.00000000,0.00000000,0.00000000,0.00000000
2025-11,寒冰-sp-短直视频,False,3270.00000000,3,2,2,4360.00000000,4360.00000000,4360.00000000,0.00000000,0,0,1635.00000000,0.75000000,0.66666667,1.33333333,0.00000000,0.00000000
2025-11,小徐老师手机摄影-摄影粉-DY-直播,False,18357.42000000,382,10,10,18660.00000000,19600.00000000,18660.00000000,940.00000000,0,0,1835.74200000,0.98378457,0.02617801,1.01648271,0.00000000,0.00000000
2025-11,小程序,False,2961072.94000000,13835,952,952,1833352.56000000,1720549.65000000,1708536.46000000,12013.19000000,3696,151,3110.37073529,1.73310492,0.06881099,0.61915144,0.26714854,0.01091435
2025-11,小红书,False,2940118.25000000,15945,808,808,1730141.12000000,1733341.10000000,1723317.12000000,10023.98000000,208,27,3638.76021040,1.70608080,0.05067419,0.58845971,0.01304484,0.00169332
2025-11,小红书国外,False,0.00000000,133,6,6,14280.00000000,14280.00000000,14280.00000000,0.00000000,0,0,0.00000000,0.00000000,0.04511278,,0.00000000,0.00000000
2025-11,小红书直播,False,0.00000000,1,0,0,0.00000000,0.00000000,0.00000000,0.00000000,0,0,,,0.00000000,,0.00000000,0.00000000
2025-11,广州开域-G-视频号,False,0.00000000,2,0,0,0.00000000,0.00000000,0.00000000,0.00000000,0,0,,,0.00000000,,0.00000000,0.00000000
2025-11,广州高途-SY-私域/社群,False,0.00000000,1,0,0,0.00000000,0.00000000,0.00000000,0.00000000,0,0,,,0.00000000,,0.00000000,0.00000000
2025-11,弹码,False,0.00000000,1,0,0,0.00000000,0.00000000,0.00000000,0.00000000,0,0,,,0.00000000,,0.00000000,0.00000000
2025-11,当红文化-SP-短直视频,False,0.00000000,5,0,0,0.00000000,0.00000000,0.00000000,0.00000000,0,0,,,0.00000000,,0.00000000,0.00000000
2025-11,微信,False,5747594.42000000,26958,1778,1778,3640562.21000000,3565743.15000000,3520751.05000000,44992.10000000,4882,118,3232.61778403,1.63249101,0.06595445,0.63340625,0.18109652,0.00437718
2025-11,微博,False,174394.17000000,1129,50,50,97499.00000000,96395.00000000,96395.00000000,0.00000000,15,1,3487.88340000,1.80916199,0.04428698,0.55907259,0.01328609,0.00088574
2025-11,微营销-G-公众号,False,9689.40000000,35,0,0,0.00000000,0.00000000,0.00000000,0.00000000,0,0,,,0.00000000,0.00000000,0.00000000,0.00000000
2025-11,快手,False,1780578.72000000,11138,386,386,724065.58000000,684072.00000000,681379.78000000,2692.22000000,1588,187,4612.89823834,2.61319571,0.03465613,0.40664621,0.14257497,0.01678937
2025-11,快手直播,False,66914.24000000,405,5,5,8913.60000000,7338.00000000,7338.00000000,0.00000000,58,25,13382.84800000,9.11886618,0.01234568,0.13320931,0.14320988,0.06172840
2025-11,快手私信,False,1529.45000000,21,0,0,81.90000000,0.00000000,0.00000000,0.00000000,1,0,,,0.00000000,0.05354866,0.04761905,0.00000000
2025-11,抖音,False,13166955.59000000,93074,4678,4678,9645587.31000000,9348455.40000000,9221961.80000000,126493.60000000,5582,390,2814.65489312,1.42778249,0.05026108,0.73256018,0.05997378,0.00419021
2025-11,抖音-免费,False,0.00000000,6,0,0,0.00000000,0.00000000,0.00000000,0.00000000,0,0,,,0.00000000,,0.00000000,0.00000000
2025-11,抖音品专,False,0.00000000,20,0,0,2.00000000,0.00000000,0.00000000,0.00000000,0,0,,,0.00000000,,0.00000000,0.00000000
2025-11,抖音品牌,False,91344.51000000,601,31,31,65280.00000000,61680.00000000,61680.00000000,0.00000000,11,1,2946.59709677,1.48094212,0.05158070,0.71465707,0.01830283,0.00166389
2025-11,抖音星图轻运动-DY-短直视频,False,6332.16000000,291,5,5,7400.00000000,7400.00000000,7400.00000000,0.00000000,26,4,1266.43200000,0.85569730,0.01718213,1.16863756,0.08934708,0.01374570
2025-11,抖音直播,False,71563.68000000,501,10,10,18593.00000000,18019.00000000,18019.00000000,0.00000000,119,1,7156.36800000,3.97156779,0.01996008,0.25981056,0.23752495,0.00199601
2025-11,抖音联合,False,23609.95000000,101,3,3,5602.00000000,5002.00000000,5002.00000000,0.00000000,11,2,7869.98333333,4.72010196,0.02970297,0.23727284,0.10891089,0.01980198
2025-11,抖音购物车,False,384092.01000000,2312,141,141,285934.60000000,274423.00000000,272122.60000000,2300.40000000,35,10,2724.05680851,1.41146678,0.06098616,0.74444298,0.01513841,0.00432526
2025-11,搜一搜,False,0.00000000,1,0,0,12.58000000,0.00000000,0.00000000,0.00000000,1,1,,,0.00000000,,1.00000000,1.00000000
2025-11,摄影存量,False,34574.32000000,979,21,21,36991.60000000,36980.00000000,36980.00000000,0.00000000,2,0,1646.39619048,0.93494646,0.02145046,1.06991547,0.00204290,0.00000000
2025-11,摄影师路白-DY-短直视频,False,1505.92000000,32,1,1,2190.00000000,2180.00000000,2180.00000000,0.00000000,2,0,1505.92000000,0.69078899,0.03125000,1.45426052,0.06250000,0.00000000
2025-11,摄影读书会-XX-其他异业,False,0.00000000,2,1,1,2180.00000000,2180.00000000,2180.00000000,0.00000000,0,0,0.00000000,0.00000000,0.50000000,,0.00000000,0.00000000
2025-11,新榜-G-公众号,False,0.00000000,1,0,0,0.00000000,0.00000000,0.00000000,0.00000000,0,0,,,0.00000000,,0.00000000,0.00000000
2025-11,方德教育-摄影粉-DY-直播,False,24394.80000000,541,17,17,30260.00000000,30260.00000000,30260.00000000,0.00000000,0,0,1434.98823529,0.80617317,0.03142329,1.24042829,0.00000000,0.00000000
2025-11,无锡千里同风加粉-DY-短直视频,False,0.00000000,257,0,0,0.00000000,0.00000000,0.00000000,0.00000000,0,0,,,0.00000000,,0.00000000,0.00000000
2025-11,晓峰老师教音乐-sp-短直视频,False,0.00000000,1,0,0,0.00000000,0.00000000,0.00000000,0.00000000,0,0,,,0.00000000,,0.00000000,0.00000000
2025-11,晖正浩原-G-公众号,False,101973.04000000,1143,30,30,57776.00000000,57776.00000000,57776.00000000,0.00000000,118,3,3399.10133333,1.76497231,0.02624672,0.56658113,0.10323710,0.00262467
2025-11,晖正浩原-G-小红书,False,0.00000000,1,0,0,0.00000000,0.00000000,0.00000000,0.00000000,1,0,,,0.00000000,,1.00000000,0.00000000
2025-11,未来时代-G-公众号,False,75702.98000000,450,11,11,22180.00000000,22180.00000000,22180.00000000,0.00000000,49,0,6882.08909091,3.41311903,0.02444444,0.29298715,0.10888889,0.00000000
2025-11,本本图书-TS-其他异业,False,0.00000000,81,0,0,0.00000000,0.00000000,0.00000000,0.00000000,1,1,,,0.00000000,,0.01234568,0.01234568
2025-11,杭州真量-APP-垂直应用,False,10560.27000000,72,2,2,4792.00000000,4360.00000000,4360.00000000,0.00000000,1,0,5280.13500000,2.42208028,0.02777778,0.45377628,0.01388889,0.00000000
2025-11,武汉新视点-SP-短直视频,False,0.00000000,1,0,0,0.00000000,0.00000000,0.00000000,0.00000000,0,0,,,0.00000000,,0.00000000,0.00000000
2025-11,江西乐达-G-公众号,False,222748.57000000,1680,58,58,116657.40000000,116378.00000000,116378.00000000,0.00000000,322,24,3840.49258621,1.91400926,0.03452381,0.52371784,0.19166667,0.01428571
2025-11,河北灵创-G-公众号,False,50016.17000000,336,11,11,27325.30000000,27080.00000000,27080.00000000,0.00000000,4,0,4546.92454545,1.84697821,0.03273810,0.54632932,0.01190476,0.00000000
2025-11,河北灵创-G-视频号,False,38418.95000000,373,14,14,30315.00000000,30120.00000000,30120.00000000,0.00000000,15,0,2744.21071429,1.27552955,0.03753351,0.78906373,0.04021448,0.00000000
2025-11,泛粉1v1,False,0.00000000,4,0,0,0.00000000,0.00000000,0.00000000,0.00000000,4,0,,,0.00000000,,1.00000000,0.00000000
2025-11,海学吉米-G-公众号,False,0.00000000,1,0,0,0.00000000,0.00000000,0.00000000,0.00000000,0,0,,,0.00000000,,0.00000000,0.00000000
2025-11,海波-H-小红书,False,0.00000000,1,0,0,0.00000000,0.00000000,0.00000000,0.00000000,0,0,,,0.00000000,,0.00000000,0.00000000
2025-11,海波-SP-短直视频,False,1378.86000000,113,0,0,0.00000000,0.00000000,0.00000000,0.00000000,0,0,,,0.00000000,0.00000000,0.00000000,0.00000000
2025-11,湖南易满-TS-其他异业,False,3580.64000000,439,2,2,4760.00000000,4760.00000000,4760.00000000,0.00000000,0,0,1790.32000000,0.75223529,0.00455581,1.32937129,0.00000000,0.00000000
2025-11,湖南浩娱加粉-DY-短直视频,False,0.00000000,205,0,0,0.00000000,0.00000000,0.00000000,0.00000000,0,0,,,0.00000000,,0.00000000,0.00000000
2025-11,湖南浩娱加粉-DY-短直视频-私域,False,0.00000000,6,0,0,0.00000000,0.00000000,0.00000000,0.00000000,4,3,,,0.00000000,,0.66666667,0.50000000
2025-11,灵犀互动-H-小红书,False,0.00000000,1,0,0,1.00000000,0.00000000,0.00000000,0.00000000,0,0,,,0.00000000,,0.00000000,0.00000000
2025-11,热门好课,False,0.00000000,1140,33,33,71567.06000000,71560.00000000,71560.00000000,0.00000000,6,1,0.00000000,0.00000000,0.02894737,,0.00526316,0.00087719
2025-11,燃乐-SP-短直视频,False,5569.92000000,48,7,7,7936.00000000,8832.00000000,7936.00000000,896.00000000,0,0,795.70285714,0.70185484,0.14583333,1.42479605,0.00000000,0.00000000
2025-11,爱奇艺,False,58060.58000000,603,11,11,23380.00000000,23380.00000000,23380.00000000,0.00000000,12,4,5278.23454545,2.48334388,0.01824212,0.40268285,0.01990050,0.00663350
2025-11,爱奇艺-杭州亦立,False,4626.47000000,53,0,0,0.00000000,0.00000000,0.00000000,0.00000000,2,0,,,0.00000000,0.00000000,0.03773585,0.00000000
2025-11,王妍-XX-其他异业,False,0.00000000,5,0,0,0.00000000,0.00000000,0.00000000,0.00000000,0,0,,,0.00000000,,0.00000000,0.00000000
2025-11,琦亿-太极粉-DY-短直视频,False,0.00000000,23,0,0,0.00000000,0.00000000,0.00000000,0.00000000,1,1,,,0.00000000,,0.04347826,0.04347826
2025-11,瑜伽书,False,21.59000000,1,0,0,0.00000000,0.00000000,0.00000000,0.00000000,0,0,,,0.00000000,0.00000000,0.00000000,0.00000000
2025-11,用户召回-20250318,False,0.00000000,2,0,0,0.00000000,0.00000000,0.00000000,0.00000000,1,0,,,0.00000000,,0.50000000,0.00000000
2025-11,电商品6,False,19273.57000000,103,2,2,3790.00000000,3790.00000000,3790.00000000,0.00000000,0,0,9636.78500000,5.08537467,0.01941748,0.19664234,0.00000000,0.00000000
2025-11,电商品7,False,440.96000000,1,0,0,0.00000000,0.00000000,0.00000000,0.00000000,0,0,,,0.00000000,0.00000000,0.00000000,0.00000000
2025-11,电商瑜伽1,False,47.18000000,2,0,0,0.00000000,0.00000000,0.00000000,0.00000000,2,2,,,0.00000000,0.00000000,1.00000000,1.00000000
2025-11,电商瑜伽1-包裹卡,False,1096.79000000,47,3,3,5950.00000000,5950.00000000,5950.00000000,0.00000000,20,9,365.59666667,0.18433445,0.06382979,5.42492182,0.42553191,0.19148936
2025-11,电商瑜伽1-直播,False,138.86000000,6,0,0,0.00000000,0.00000000,0.00000000,0.00000000,0,0,,,0.00000000,0.00000000,0.00000000,0.00000000
2025-11,百度,False,3696781.76000000,23059,1358,1358,2725534.07000000,2718167.01000000,2681880.81000000,36286.20000000,1505,58,2722.22515464,1.37842880,0.05889241,0.73727211,0.06526736,0.00251529
2025-11,百度直播,False,217321.11000000,1756,64,64,123520.00000000,129420.00000000,123520.00000000,5900.00000000,11,3,3395.64234375,1.75940018,0.03644647,0.56837553,0.00626424,0.00170843
2025-11,真祺-sp-短直视频,False,51973.79000000,351,25,25,50200.00000000,50200.00000000,50200.00000000,0.00000000,15,12,2078.95160000,1.03533446,0.07122507,0.96587145,0.04273504,0.03418803
2025-11,短信,False,0.00000000,74,0,0,0.00000000,0.00000000,0.00000000,0.00000000,0,0,,,0.00000000,,0.00000000,0.00000000
2025-11,私域-腾讯加粉,False,0.00000000,67,0,0,0.00000000,0.00000000,0.00000000,0.00000000,6,1,,,0.00000000,,0.08955224,0.01492537
2025-11,穿山甲,False,108699.51000000,647,34,34,71662.00000000,69120.00000000,69120.00000000,0.00000000,9,3,3197.04441176,1.57262023,0.05255023,0.65926700,0.01391036,0.00463679
2025-11,美丽课堂-SP-短直视频,False,17728.10000000,169,8,8,17583.00000000,17583.00000000,17583.00000000,0.00000000,0,0,2216.01250000,1.00825229,0.04733728,0.99181525,0.00000000,0.00000000
2025-11,联合百度,False,276984.62000000,1593,76,76,136677.63000000,136931.00000000,134442.63000000,2488.37000000,34,2,3644.53447368,2.06024399,0.04770873,0.49344844,0.02134338,0.00125549
2025-11,联合视频号,False,3078.09000000,14,1,1,1988.00000000,1904.00000000,1904.00000000,0.00000000,1,0,3078.09000000,1.61664391,0.07142857,0.64585506,0.07142857,0.00000000
2025-11,萍乡蓝江-G-视频号,False,0.00000000,1,0,0,0.00000000,0.00000000,0.00000000,0.00000000,0,0,,,0.00000000,,0.00000000,0.00000000
2025-11,董文立老师-DY-短直视频,False,27790.16000000,150,11,11,25180.00000000,25180.00000000,25180.00000000,0.00000000,5,0,2526.37818182,1.10366005,0.07333333,0.90607611,0.03333333,0.00000000
2025-11,视频号,False,14023905.42000000,73683,4191,4191,8820671.25000000,8507627.15000000,8420467.55000000,87159.60000000,10399,465,3346.19551897,1.66545448,0.05687879,0.62897395,0.14113160,0.00631082
2025-11,视频号-免费,False,0.00000000,1,0,0,0.00000000,0.00000000,0.00000000,0.00000000,1,1,,,0.00000000,,1.00000000,1.00000000
2025-11,视频号直播,False,138250.00000000,1013,44,44,84385.00000000,84348.00000000,84348.00000000,0.00000000,306,31,3142.04545455,1.63904301,0.04343534,0.61037975,0.30207305,0.03060217
2025-11,重庆唱歌直播机构达人-DY-短直视频,False,0.00000000,21,0,0,0.00000000,0.00000000,0.00000000,0.00000000,0,0,,,0.00000000,,0.00000000,0.00000000
2025-11,钟雷老师音乐课堂-DY-短直视频,False,0.00000000,10,0,0,0.00000000,0.00000000,0.00000000,0.00000000,1,0,,,0.00000000,,0.10000000,0.00000000
2025-11,长沙徵音加粉-SP-短直视频,False,0.00000000,1,0,0,0.00000000,0.00000000,0.00000000,0.00000000,0,0,,,0.00000000,,0.00000000,0.00000000
2025-11,长沙昕娱加粉-DY-短直视频,False,0.00000000,328,0,0,0.00000000,0.00000000,0.00000000,0.00000000,1,0,,,0.00000000,,0.00304878,0.00000000
2025-11,长沙昕娱加粉-DY-短直视频-私域,False,0.00000000,48,1,1,1280.00000000,1280.00000000,1280.00000000,0.00000000,2,1,0.00000000,0.00000000,0.02083333,,0.04166667,0.02083333
2025-11,长沙瑷珲-SP-短直视频,False,0.00000000,4,0,0,0.00000000,0.00000000,0.00000000,0.00000000,0,0,,,0.00000000,,0.00000000,0.00000000
2025-11,非标-TMK-CPA/CPS-落地页-获客助手链路,False,0.00000000,1,0,0,0.00000000,0.00000000,0.00000000,0.00000000,0,0,,,0.00000000,,0.00000000,0.00000000
2025-11,魏W老师-DY-短直视频,False,0.00000000,3,1,1,2683.00000000,2680.00000000,2680.00000000,0.00000000,0,0,0.00000000,0.00000000,0.33333333,,0.00000000,0.00000000
2025-11,鹿邑-摄影粉-DY-直播,False,36356.96000000,1043,20,20,38400.00000000,38400.00000000,38400.00000000,0.00000000,3,0,1817.84800000,0.94679583,0.01917546,1.05619392,0.00287632,0.00000000
2025-11,龙际-SP-短直视频,False,0.00000000,7,0,0,0.00000000,0.00000000,0.00000000,0.00000000,0,0,,,0.00000000,,0.00000000,0.00000000
